ligand_number,enumeration,conformer_number,name,score,smiles,lowest_conformer
6,0,0,6:0:0,-2.27549,[H]OC12OC3(C([H])([H])[H])C([H])(OC(=O)C([H])([H])[H])C(=C([H])[H])C4(OC(=O)C(=C([H])[H])C4([H])[H])C3(C([H])([H])[H])C([H])([H])C([H])([H])C3(O[H])OC([H])([H])C45C6([H])C([H])([H])OC(C([H])([H])[H])(C([H])(O[H])C(O[H])(C([H])([H])[H])C6([H])C(O[H])(C([H])([H])[H])C([H])([H])[H])C([H])(S1=O)C3(C([H])([H])[H])C4([H])C([H])([H])C([H])([H])C5(OC([H])([H])C([H])([H])[H])C2([H])OC(=O)C([H])([H])[H],True
6,0,1,6:0:1,-2.16828,[H]OC12OC3(C([H])([H])[H])C([H])(OC(=O)C([H])([H])[H])C(=C([H])[H])C4(OC(=O)C(=C([H])[H])C4([H])[H])C3(C([H])([H])[H])C([H])([H])C([H])([H])C3(O[H])OC([H])([H])C45C6([H])C([H])([H])OC(C([H])([H])[H])(C([H])(O[H])C(O[H])(C([H])([H])[H])C6([H])C(O[H])(C([H])([H])[H])C([H])([H])[H])C([H])(S1=O)C3(C([H])([H])[H])C4([H])C([H])([H])C([H])([H])C5(OC([H])([H])C([H])([H])[H])C2([H])OC(=O)C([H])([H])[H],False
6,0,2,6:0:2,0.973651,[H]OC12OC3(C([H])([H])[H])C([H])(OC(=O)C([H])([H])[H])C(=C([H])[H])C4(OC(=O)C(=C([H])[H])C4([H])[H])C3(C([H])([H])[H])C([H])([H])C([H])([H])C3(O[H])OC([H])([H])C45C6([H])C([H])([H])OC(C([H])([H])[H])(C([H])(O[H])C(O[H])(C([H])([H])[H])C6([H])C(O[H])(C([H])([H])[H])C([H])([H])[H])C([H])(S1=O)C3(C([H])([H])[H])C4([H])C([H])([H])C([H])([H])C5(OC([H])([H])C([H])([H])[H])C2([H])OC(=O)C([H])([H])[H],False
6,1,0,6:1:0,0.406467,[H]OC12OC3(C([H])([H])[H])C([H])(OC(=O)C([H])([H])[H])C(=C([H])[H])C4(OC(=O)C(=C([H])[H])C4([H])[H])C3(C([H])([H])[H])C([H])([H])C([H])([H])C3(O[H])OC([H])([H])C45C6([H])C([H])([H])OC(C([H])([H])[H])(C([H])(O[H])C(O[H])(C([H])([H])[H])C6([H])C(O[H])(C([H])([H])[H])C([H])([H])[H])C([H])(S1=O)C3(C([H])([H])[H])C4([H])C([H])([H])C([H])([H])C5(OC([H])([H])C([H])([H])[H])C2([H])OC(=O)C([H])([H])[H],True
6,2,0,6:2:0,-2.55182,[H]OC12OC3(C([H])([H])[H])C([H])(OC(=O)C([H])([H])[H])C(=C([H])[H])C4(OC(=O)C(=C([H])[H])C4([H])[H])C3(C([H])([H])[H])C([H])([H])C([H])([H])C3(O[H])OC([H])([H])C45C6([H])C([H])([H])OC(C([H])([H])[H])(C([H])(O[H])C(O[H])(C([H])([H])[H])C6([H])C(O[H])(C([H])([H])[H])C([H])([H])[H])C([H])(S1=O)C3(C([H])([H])[H])C4([H])C([H])([H])C([H])([H])C5(OC([H])([H])C([H])([H])[H])C2([H])OC(=O)C([H])([H])[H],True
12,0,0,12:0:0,-3.15368,[H]OC12OC34OC([H])([H])S(=O)C(c5c([H])sc([H])c5[H])(C1(C([H])([H])[H])C([H])([H])C3([H])[H])C1(C([H])([H])[H])C([H])(C(=O)C4(O[H])C([H])([H])[H])C(O[H])(C([H])([H])C3([H])OC([H])=C([H])C31O[H])C1(O[H])C2(O[H])C(=O)C(C([H])([H])[H])(C([H])([H])[H])C1([H])C([H])([H])C([H])([H])C([H])(C([H])([H])[H])C([H])([H])[H],True
12,0,1,12:0:1,-2.71637,[H]OC12OC34OC([H])([H])S(=O)C(c5c([H])sc([H])c5[H])(C1(C([H])([H])[H])C([H])([H])C3([H])[H])C1(C([H])([H])[H])C([H])(C(=O)C4(O[H])C([H])([H])[H])C(O[H])(C([H])([H])C3([H])OC([H])=C([H])C31O[H])C1(O[H])C2(O[H])C(=O)C(C([H])([H])[H])(C([H])([H])[H])C1([H])C([H])([H])C([H])([H])C([H])(C([H])([H])[H])C([H])([H])[H],False
12,0,2,12:0:2,-2.6356,[H]OC12OC34OC([H])([H])S(=O)C(c5c([H])sc([H])c5[H])(C1(C([H])([H])[H])C([H])([H])C3([H])[H])C1(C([H])([H])[H])C([H])(C(=O)C4(O[H])C([H])([H])[H])C(O[H])(C([H])([H])C3([H])OC([H])=C([H])C31O[H])C1(O[H])C2(O[H])C(=O)C(C([H])([H])[H])(C([H])([H])[H])C1([H])C([H])([H])C([H])([H])C([H])(C([H])([H])[H])C([H])([H])[H],False
12,1,0,12:1:0,-3.23314,[H]OC12OC34OC([H])([H])S(=O)C(c5c([H])sc([H])c5[H])(C1(C([H])([H])[H])C([H])([H])C3([H])[H])C1(C([H])([H])[H])C([H])(C(=O)C4(O[H])C([H])([H])[H])C(O[H])(C([H])([H])C3([H])OC([H])=C([H])C31O[H])C1(O[H])C2(O[H])C(=O)C(C([H])([H])[H])(C([H])([H])[H])C1([H])C([H])([H])C([H])([H])C([H])(C([H])([H])[H])C([H])([H])[H],True
12,1,1,12:1:1,-2.71203,[H]OC12OC34OC([H])([H])S(=O)C(c5c([H])sc([H])c5[H])(C1(C([H])([H])[H])C([H])([H])C3([H])[H])C1(C([H])([H])[H])C([H])(C(=O)C4(O[H])C([H])([H])[H])C(O[H])(C([H])([H])C3([H])OC([H])=C([H])C31O[H])C1(O[H])C2(O[H])C(=O)C(C([H])([H])[H])(C([H])([H])[H])C1([H])C([H])([H])C([H])([H])C([H])(C([H])([H])[H])C([H])([H])[H],False
12,1,2,12:1:2,-2.54332,[H]OC12OC34OC([H])([H])S(=O)C(c5c([H])sc([H])c5[H])(C1(C([H])([H])[H])C([H])([H])C3([H])[H])C1(C([H])([H])[H])C([H])(C(=O)C4(O[H])C([H])([H])[H])C(O[H])(C([H])([H])C3([H])OC([H])=C([H])C31O[H])C1(O[H])C2(O[H])C(=O)C(C([H])([H])[H])(C([H])([H])[H])C1([H])C([H])([H])C([H])([H])C([H])(C([H])([H])[H])C([H])([H])[H],False
13,0,0,13:0:0,-3.96403,[H]OC1([H])C2(O[H])C([H])=C(C([H])([H])[H])OC3(O[H])C([H])([H])C4(O[H])OC5(C([H])([H])[H])S(=O)OC6(OC7([H])C89OC8(OC9([H])[H])C([H])([H])C([H])([H])C7(C57OC7([H])[H])C4(O[H])C32C([H])(O[H])C1([H])C(O[H])(C([H])([H])[H])C([H])([H])[H])C([H])([H])C(=C([H])[H])C([H])([H])C(C([H])([H])[H])(C([H])([H])[H])C6([H])[H],True
13,0,1,13:0:1,-3.01718,[H]OC1([H])C2(O[H])C([H])=C(C([H])([H])[H])OC3(O[H])C([H])([H])C4(O[H])OC5(C([H])([H])[H])S(=O)OC6(OC7([H])C89OC8(OC9([H])[H])C([H])([H])C([H])([H])C7(C57OC7([H])[H])C4(O[H])C32C([H])(O[H])C1([H])C(O[H])(C([H])([H])[H])C([H])([H])[H])C([H])([H])C(=C([H])[H])C([H])([H])C(C([H])([H])[H])(C([H])([H])[H])C6([H])[H],False
13,0,2,13:0:2,-2.92641,[H]OC1([H])C2(O[H])C([H])=C(C([H])([H])[H])OC3(O[H])C([H])([H])C4(O[H])OC5(C([H])([H])[H])S(=O)OC6(OC7([H])C89OC8(OC9([H])[H])C([H])([H])C([H])([H])C7(C57OC7([H])[H])C4(O[H])C32C([H])(O[H])C1([H])C(O[H])(C([H])([H])[H])C([H])([H])[H])C([H])([H])C(=C([H])[H])C([H])([H])C(C([H])([H])[H])(C([H])([H])[H])C6([H])[H],False
14,1,0,14:1:0,-3.53914,[H]OC1(C(=O)N([H])C([H])([H])[H])C(=O)C2(O[H])C([H])([H])C([H])([H])C([H])=C1C1([H])OC3(O[H])C4(C([H])([H])[H])OC([H])(OC([H])([H])[H])C5(C([H])([H])C([H])(C2([H])O[H])C1(O[H])C1([H])C([H])(O[H])C([H])(OC([H])([H])[H])C1(O[H])C1(O[H])S(=O)C5([H])C([H])([H])C2(C([H])([H])[H])OC2([H])C3(O[H])C1([H])O[H])C([H])(O[H])C4([H])O[H],True
14,1,1,14:1:1,-3.20333,[H]OC1(C(=O)N([H])C([H])([H])[H])C(=O)C2(O[H])C([H])([H])C([H])([H])C([H])=C1C1([H])OC3(O[H])C4(C([H])([H])[H])OC([H])(OC([H])([H])[H])C5(C([H])([H])C([H])(C2([H])O[H])C1(O[H])C1([H])C([H])(O[H])C([H])(OC([H])([H])[H])C1(O[H])C1(O[H])S(=O)C5([H])C([H])([H])C2(C([H])([H])[H])OC2([H])C3(O[H])C1([H])O[H])C([H])(O[H])C4([H])O[H],False
14,1,2,14:1:2,-2.85486,[H]OC1(C(=O)N([H])C([H])([H])[H])C(=O)C2(O[H])C([H])([H])C([H])([H])C([H])=C1C1([H])OC3(O[H])C4(C([H])([H])[H])OC([H])(OC([H])([H])[H])C5(C([H])([H])C([H])(C2([H])O[H])C1(O[H])C1([H])C([H])(O[H])C([H])(OC([H])([H])[H])C1(O[H])C1(O[H])S(=O)C5([H])C([H])([H])C2(C([H])([H])[H])OC2([H])C3(O[H])C1([H])O[H])C([H])(O[H])C4([H])O[H],False
14,3,0,14:3:0,-3.76353,[H]OC1(C(=O)N([H])C([H])([H])[H])C(=O)C2(O[H])C([H])([H])C([H])([H])C([H])=C1C1([H])OC3(O[H])C4(C([H])([H])[H])OC([H])(OC([H])([H])[H])C5(C([H])([H])C([H])(C2([H])O[H])C1(O[H])C1([H])C([H])(O[H])C([H])(OC([H])([H])[H])C1(O[H])C1(O[H])S(=O)C5([H])C([H])([H])C2(C([H])([H])[H])OC2([H])C3(O[H])C1([H])O[H])C([H])(O[H])C4([H])O[H],True
14,3,1,14:3:1,-3.01185,[H]OC1(C(=O)N([H])C([H])([H])[H])C(=O)C2(O[H])C([H])([H])C([H])([H])C([H])=C1C1([H])OC3(O[H])C4(C([H])([H])[H])OC([H])(OC([H])([H])[H])C5(C([H])([H])C([H])(C2([H])O[H])C1(O[H])C1([H])C([H])(O[H])C([H])(OC([H])([H])[H])C1(O[H])C1(O[H])S(=O)C5([H])C([H])([H])C2(C([H])([H])[H])OC2([H])C3(O[H])C1([H])O[H])C([H])(O[H])C4([H])O[H],False
14,3,2,14:3:2,-2.77775,[H]OC1(C(=O)N([H])C([H])([H])[H])C(=O)C2(O[H])C([H])([H])C([H])([H])C([H])=C1C1([H])OC3(O[H])C4(C([H])([H])[H])OC([H])(OC([H])([H])[H])C5(C([H])([H])C([H])(C2([H])O[H])C1(O[H])C1([H])C([H])(O[H])C([H])(OC([H])([H])[H])C1(O[H])C1(O[H])S(=O)C5([H])C([H])([H])C2(C([H])([H])[H])OC2([H])C3(O[H])C1([H])O[H])C([H])(O[H])C4([H])O[H],False
14,5,0,14:5:0,-4.53119,[H]OC1(C(=O)N([H])C([H])([H])[H])C(=O)C2(O[H])C([H])([H])C([H])([H])C([H])=C1C1([H])OC3(O[H])C4(C([H])([H])[H])OC([H])(OC([H])([H])[H])C5(C([H])([H])C([H])(C2([H])O[H])C1(O[H])C1([H])C([H])(O[H])C([H])(OC([H])([H])[H])C1(O[H])C1(O[H])S(=O)C5([H])C([H])([H])C2(C([H])([H])[H])OC2([H])C3(O[H])C1([H])O[H])C([H])(O[H])C4([H])O[H],True
14,5,1,14:5:1,-3.59231,[H]OC1(C(=O)N([H])C([H])([H])[H])C(=O)C2(O[H])C([H])([H])C([H])([H])C([H])=C1C1([H])OC3(O[H])C4(C([H])([H])[H])OC([H])(OC([H])([H])[H])C5(C([H])([H])C([H])(C2([H])O[H])C1(O[H])C1([H])C([H])(O[H])C([H])(OC([H])([H])[H])C1(O[H])C1(O[H])S(=O)C5([H])C([H])([H])C2(C([H])([H])[H])OC2([H])C3(O[H])C1([H])O[H])C([H])(O[H])C4([H])O[H],False
14,5,2,14:5:2,-3.45044,[H]OC1(C(=O)N([H])C([H])([H])[H])C(=O)C2(O[H])C([H])([H])C([H])([H])C([H])=C1C1([H])OC3(O[H])C4(C([H])([H])[H])OC([H])(OC([H])([H])[H])C5(C([H])([H])C([H])(C2([H])O[H])C1(O[H])C1([H])C([H])(O[H])C([H])(OC([H])([H])[H])C1(O[H])C1(O[H])S(=O)C5([H])C([H])([H])C2(C([H])([H])[H])OC2([H])C3(O[H])C1([H])O[H])C([H])(O[H])C4([H])O[H],False
14,6,0,14:6:0,-3.57251,[H]OC1(C(=O)N([H])C([H])([H])[H])C(=O)C2(O[H])C([H])([H])C([H])([H])C([H])=C1C1([H])OC3(O[H])C4(C([H])([H])[H])OC([H])(OC([H])([H])[H])C5(C([H])([H])C([H])(C2([H])O[H])C1(O[H])C1([H])C([H])(O[H])C([H])(OC([H])([H])[H])C1(O[H])C1(O[H])S(=O)C5([H])C([H])([H])C2(C([H])([H])[H])OC2([H])C3(O[H])C1([H])O[H])C([H])(O[H])C4([H])O[H],True
14,6,1,14:6:1,-3.11911,[H]OC1(C(=O)N([H])C([H])([H])[H])C(=O)C2(O[H])C([H])([H])C([H])([H])C([H])=C1C1([H])OC3(O[H])C4(C([H])([H])[H])OC([H])(OC([H])([H])[H])C5(C([H])([H])C([H])(C2([H])O[H])C1(O[H])C1([H])C([H])(O[H])C([H])(OC([H])([H])[H])C1(O[H])C1(O[H])S(=O)C5([H])C([H])([H])C2(C([H])([H])[H])OC2([H])C3(O[H])C1([H])O[H])C([H])(O[H])C4([H])O[H],False
14,6,2,14:6:2,-2.72467,[H]OC1(C(=O)N([H])C([H])([H])[H])C(=O)C2(O[H])C([H])([H])C([H])([H])C([H])=C1C1([H])OC3(O[H])C4(C([H])([H])[H])OC([H])(OC([H])([H])[H])C5(C([H])([H])C([H])(C2([H])O[H])C1(O[H])C1([H])C([H])(O[H])C([H])(OC([H])([H])[H])C1(O[H])C1(O[H])S(=O)C5([H])C([H])([H])C2(C([H])([H])[H])OC2([H])C3(O[H])C1([H])O[H])C([H])(O[H])C4([H])O[H],False
14,7,0,14:7:0,-4.37288,[H]OC1(C(=O)N([H])C([H])([H])[H])C(=O)C2(O[H])C([H])([H])C([H])([H])C([H])=C1C1([H])OC3(O[H])C4(C([H])([H])[H])OC([H])(OC([H])([H])[H])C5(C([H])([H])C([H])(C2([H])O[H])C1(O[H])C1([H])C([H])(O[H])C([H])(OC([H])([H])[H])C1(O[H])C1(O[H])S(=O)C5([H])C([H])([H])C2(C([H])([H])[H])OC2([H])C3(O[H])C1([H])O[H])C([H])(O[H])C4([H])O[H],True
14,7,1,14:7:1,-3.90903,[H]OC1(C(=O)N([H])C([H])([H])[H])C(=O)C2(O[H])C([H])([H])C([H])([H])C([H])=C1C1([H])OC3(O[H])C4(C([H])([H])[H])OC([H])(OC([H])([H])[H])C5(C([H])([H])C([H])(C2([H])O[H])C1(O[H])C1([H])C([H])(O[H])C([H])(OC([H])([H])[H])C1(O[H])C1(O[H])S(=O)C5([H])C([H])([H])C2(C([H])([H])[H])OC2([H])C3(O[H])C1([H])O[H])C([H])(O[H])C4([H])O[H],False
14,7,2,14:7:2,-3.13971,[H]OC1(C(=O)N([H])C([H])([H])[H])C(=O)C2(O[H])C([H])([H])C([H])([H])C([H])=C1C1([H])OC3(O[H])C4(C([H])([H])[H])OC([H])(OC([H])([H])[H])C5(C([H])([H])C([H])(C2([H])O[H])C1(O[H])C1([H])C([H])(O[H])C([H])(OC([H])([H])[H])C1(O[H])C1(O[H])S(=O)C5([H])C([H])([H])C2(C([H])([H])[H])OC2([H])C3(O[H])C1([H])O[H])C([H])(O[H])C4([H])O[H],False
14,9,0,14:9:0,-3.99007,[H]OC1(C(=O)N([H])C([H])([H])[H])C(=O)C2(O[H])C([H])([H])C([H])([H])C([H])=C1C1([H])OC3(O[H])C4(C([H])([H])[H])OC([H])(OC([H])([H])[H])C5(C([H])([H])C([H])(C2([H])O[H])C1(O[H])C1([H])C([H])(O[H])C([H])(OC([H])([H])[H])C1(O[H])C1(O[H])S(=O)C5([H])C([H])([H])C2(C([H])([H])[H])OC2([H])C3(O[H])C1([H])O[H])C([H])(O[H])C4([H])O[H],True
14,9,1,14:9:1,-3.74009,[H]OC1(C(=O)N([H])C([H])([H])[H])C(=O)C2(O[H])C([H])([H])C([H])([H])C([H])=C1C1([H])OC3(O[H])C4(C([H])([H])[H])OC([H])(OC([H])([H])[H])C5(C([H])([H])C([H])(C2([H])O[H])C1(O[H])C1([H])C([H])(O[H])C([H])(OC([H])([H])[H])C1(O[H])C1(O[H])S(=O)C5([H])C([H])([H])C2(C([H])([H])[H])OC2([H])C3(O[H])C1([H])O[H])C([H])(O[H])C4([H])O[H],False
14,9,2,14:9:2,-3.55785,[H]OC1(C(=O)N([H])C([H])([H])[H])C(=O)C2(O[H])C([H])([H])C([H])([H])C([H])=C1C1([H])OC3(O[H])C4(C([H])([H])[H])OC([H])(OC([H])([H])[H])C5(C([H])([H])C([H])(C2([H])O[H])C1(O[H])C1([H])C([H])(O[H])C([H])(OC([H])([H])[H])C1(O[H])C1(O[H])S(=O)C5([H])C([H])([H])C2(C([H])([H])[H])OC2([H])C3(O[H])C1([H])O[H])C([H])(O[H])C4([H])O[H],False
14,10,0,14:10:0,-4.42044,[H]OC1(C(=O)N([H])C([H])([H])[H])C(=O)C2(O[H])C([H])([H])C([H])([H])C([H])=C1C1([H])OC3(O[H])C4(C([H])([H])[H])OC([H])(OC([H])([H])[H])C5(C([H])([H])C([H])(C2([H])O[H])C1(O[H])C1([H])C([H])(O[H])C([H])(OC([H])([H])[H])C1(O[H])C1(O[H])S(=O)C5([H])C([H])([H])C2(C([H])([H])[H])OC2([H])C3(O[H])C1([H])O[H])C([H])(O[H])C4([H])O[H],True
14,10,1,14:10:1,-4.14831,[H]OC1(C(=O)N([H])C([H])([H])[H])C(=O)C2(O[H])C([H])([H])C([H])([H])C([H])=C1C1([H])OC3(O[H])C4(C([H])([H])[H])OC([H])(OC([H])([H])[H])C5(C([H])([H])C([H])(C2([H])O[H])C1(O[H])C1([H])C([H])(O[H])C([H])(OC([H])([H])[H])C1(O[H])C1(O[H])S(=O)C5([H])C([H])([H])C2(C([H])([H])[H])OC2([H])C3(O[H])C1([H])O[H])C([H])(O[H])C4([H])O[H],False
14,10,2,14:10:2,-3.90009,[H]OC1(C(=O)N([H])C([H])([H])[H])C(=O)C2(O[H])C([H])([H])C([H])([H])C([H])=C1C1([H])OC3(O[H])C4(C([H])([H])[H])OC([H])(OC([H])([H])[H])C5(C([H])([H])C([H])(C2([H])O[H])C1(O[H])C1([H])C([H])(O[H])C([H])(OC([H])([H])[H])C1(O[H])C1(O[H])S(=O)C5([H])C([H])([H])C2(C([H])([H])[H])OC2([H])C3(O[H])C1([H])O[H])C([H])(O[H])C4([H])O[H],False
14,11,0,14:11:0,-2.92177,[H]OC1(C(=O)N([H])C([H])([H])[H])C(=O)C2(O[H])C([H])([H])C([H])([H])C([H])=C1C1([H])OC3(O[H])C4(C([H])([H])[H])OC([H])(OC([H])([H])[H])C5(C([H])([H])C([H])(C2([H])O[H])C1(O[H])C1([H])C([H])(O[H])C([H])(OC([H])([H])[H])C1(O[H])C1(O[H])S(=O)C5([H])C([H])([H])C2(C([H])([H])[H])OC2([H])C3(O[H])C1([H])O[H])C([H])(O[H])C4([H])O[H],True
14,11,1,14:11:1,-1.05031,[H]OC1(C(=O)N([H])C([H])([H])[H])C(=O)C2(O[H])C([H])([H])C([H])([H])C([H])=C1C1([H])OC3(O[H])C4(C([H])([H])[H])OC([H])(OC([H])([H])[H])C5(C([H])([H])C([H])(C2([H])O[H])C1(O[H])C1([H])C([H])(O[H])C([H])(OC([H])([H])[H])C1(O[H])C1(O[H])S(=O)C5([H])C([H])([H])C2(C([H])([H])[H])OC2([H])C3(O[H])C1([H])O[H])C([H])(O[H])C4([H])O[H],False
14,12,0,14:12:0,-4.54224,[H]OC1(C(=O)N([H])C([H])([H])[H])C(=O)C2(O[H])C([H])([H])C([H])([H])C([H])=C1C1([H])OC3(O[H])C4(C([H])([H])[H])OC([H])(OC([H])([H])[H])C5(C([H])([H])C([H])(C2([H])O[H])C1(O[H])C1([H])C([H])(O[H])C([H])(OC([H])([H])[H])C1(O[H])C1(O[H])S(=O)C5([H])C([H])([H])C2(C([H])([H])[H])OC2([H])C3(O[H])C1([H])O[H])C([H])(O[H])C4([H])O[H],True
14,12,1,14:12:1,-4.48705,[H]OC1(C(=O)N([H])C([H])([H])[H])C(=O)C2(O[H])C([H])([H])C([H])([H])C([H])=C1C1([H])OC3(O[H])C4(C([H])([H])[H])OC([H])(OC([H])([H])[H])C5(C([H])([H])C([H])(C2([H])O[H])C1(O[H])C1([H])C([H])(O[H])C([H])(OC([H])([H])[H])C1(O[H])C1(O[H])S(=O)C5([H])C([H])([H])C2(C([H])([H])[H])OC2([H])C3(O[H])C1([H])O[H])C([H])(O[H])C4([H])O[H],False
14,12,2,14:12:2,-4.44546,[H]OC1(C(=O)N([H])C([H])([H])[H])C(=O)C2(O[H])C([H])([H])C([H])([H])C([H])=C1C1([H])OC3(O[H])C4(C([H])([H])[H])OC([H])(OC([H])([H])[H])C5(C([H])([H])C([H])(C2([H])O[H])C1(O[H])C1([H])C([H])(O[H])C([H])(OC([H])([H])[H])C1(O[H])C1(O[H])S(=O)C5([H])C([H])([H])C2(C([H])([H])[H])OC2([H])C3(O[H])C1([H])O[H])C([H])(O[H])C4([H])O[H],False
14,13,0,14:13:0,-4.81678,[H]OC1(C(=O)N([H])C([H])([H])[H])C(=O)C2(O[H])C([H])([H])C([H])([H])C([H])=C1C1([H])OC3(O[H])C4(C([H])([H])[H])OC([H])(OC([H])([H])[H])C5(C([H])([H])C([H])(C2([H])O[H])C1(O[H])C1([H])C([H])(O[H])C([H])(OC([H])([H])[H])C1(O[H])C1(O[H])S(=O)C5([H])C([H])([H])C2(C([H])([H])[H])OC2([H])C3(O[H])C1([H])O[H])C([H])(O[H])C4([H])O[H],True
14,13,1,14:13:1,-4.48721,[H]OC1(C(=O)N([H])C([H])([H])[H])C(=O)C2(O[H])C([H])([H])C([H])([H])C([H])=C1C1([H])OC3(O[H])C4(C([H])([H])[H])OC([H])(OC([H])([H])[H])C5(C([H])([H])C([H])(C2([H])O[H])C1(O[H])C1([H])C([H])(O[H])C([H])(OC([H])([H])[H])C1(O[H])C1(O[H])S(=O)C5([H])C([H])([H])C2(C([H])([H])[H])OC2([H])C3(O[H])C1([H])O[H])C([H])(O[H])C4([H])O[H],False
14,13,2,14:13:2,-4.39585,[H]OC1(C(=O)N([H])C([H])([H])[H])C(=O)C2(O[H])C([H])([H])C([H])([H])C([H])=C1C1([H])OC3(O[H])C4(C([H])([H])[H])OC([H])(OC([H])([H])[H])C5(C([H])([H])C([H])(C2([H])O[H])C1(O[H])C1([H])C([H])(O[H])C([H])(OC([H])([H])[H])C1(O[H])C1(O[H])S(=O)C5([H])C([H])([H])C2(C([H])([H])[H])OC2([H])C3(O[H])C1([H])O[H])C([H])(O[H])C4([H])O[H],False
14,15,0,14:15:0,-4.4683,[H]OC1(C(=O)N([H])C([H])([H])[H])C(=O)C2(O[H])C([H])([H])C([H])([H])C([H])=C1C1([H])OC3(O[H])C4(C([H])([H])[H])OC([H])(OC([H])([H])[H])C5(C([H])([H])C([H])(C2([H])O[H])C1(O[H])C1([H])C([H])(O[H])C([H])(OC([H])([H])[H])C1(O[H])C1(O[H])S(=O)C5([H])C([H])([H])C2(C([H])([H])[H])OC2([H])C3(O[H])C1([H])O[H])C([H])(O[H])C4([H])O[H],True
14,15,1,14:15:1,-4.1771,[H]OC1(C(=O)N([H])C([H])([H])[H])C(=O)C2(O[H])C([H])([H])C([H])([H])C([H])=C1C1([H])OC3(O[H])C4(C([H])([H])[H])OC([H])(OC([H])([H])[H])C5(C([H])([H])C([H])(C2([H])O[H])C1(O[H])C1([H])C([H])(O[H])C([H])(OC([H])([H])[H])C1(O[H])C1(O[H])S(=O)C5([H])C([H])([H])C2(C([H])([H])[H])OC2([H])C3(O[H])C1([H])O[H])C([H])(O[H])C4([H])O[H],False
14,15,2,14:15:2,-4.02863,[H]OC1(C(=O)N([H])C([H])([H])[H])C(=O)C2(O[H])C([H])([H])C([H])([H])C([H])=C1C1([H])OC3(O[H])C4(C([H])([H])[H])OC([H])(OC([H])([H])[H])C5(C([H])([H])C([H])(C2([H])O[H])C1(O[H])C1([H])C([H])(O[H])C([H])(OC([H])([H])[H])C1(O[H])C1(O[H])S(=O)C5([H])C([H])([H])C2(C([H])([H])[H])OC2([H])C3(O[H])C1([H])O[H])C([H])(O[H])C4([H])O[H],False
14,16,0,14:16:0,-3.61884,[H]OC1(C(=O)N([H])C([H])([H])[H])C(=O)C2(O[H])C([H])([H])C([H])([H])C([H])=C1C1([H])OC3(O[H])C4(C([H])([H])[H])OC([H])(OC([H])([H])[H])C5(C([H])([H])C([H])(C2([H])O[H])C1(O[H])C1([H])C([H])(O[H])C([H])(OC([H])([H])[H])C1(O[H])C1(O[H])S(=O)C5([H])C([H])([H])C2(C([H])([H])[H])OC2([H])C3(O[H])C1([H])O[H])C([H])(O[H])C4([H])O[H],True
14,16,1,14:16:1,-2.43361,[H]OC1(C(=O)N([H])C([H])([H])[H])C(=O)C2(O[H])C([H])([H])C([H])([H])C([H])=C1C1([H])OC3(O[H])C4(C([H])([H])[H])OC([H])(OC([H])([H])[H])C5(C([H])([H])C([H])(C2([H])O[H])C1(O[H])C1([H])C([H])(O[H])C([H])(OC([H])([H])[H])C1(O[H])C1(O[H])S(=O)C5([H])C([H])([H])C2(C([H])([H])[H])OC2([H])C3(O[H])C1([H])O[H])C([H])(O[H])C4([H])O[H],False
14,17,0,14:17:0,-4.57118,[H]OC1(C(=O)N([H])C([H])([H])[H])C(=O)C2(O[H])C([H])([H])C([H])([H])C([H])=C1C1([H])OC3(O[H])C4(C([H])([H])[H])OC([H])(OC([H])([H])[H])C5(C([H])([H])C([H])(C2([H])O[H])C1(O[H])C1([H])C([H])(O[H])C([H])(OC([H])([H])[H])C1(O[H])C1(O[H])S(=O)C5([H])C([H])([H])C2(C([H])([H])[H])OC2([H])C3(O[H])C1([H])O[H])C([H])(O[H])C4([H])O[H],True
14,17,1,14:17:1,-4.34682,[H]OC1(C(=O)N([H])C([H])([H])[H])C(=O)C2(O[H])C([H])([H])C([H])([H])C([H])=C1C1([H])OC3(O[H])C4(C([H])([H])[H])OC([H])(OC([H])([H])[H])C5(C([H])([H])C([H])(C2([H])O[H])C1(O[H])C1([H])C([H])(O[H])C([H])(OC([H])([H])[H])C1(O[H])C1(O[H])S(=O)C5([H])C([H])([H])C2(C([H])([H])[H])OC2([H])C3(O[H])C1([H])O[H])C([H])(O[H])C4([H])O[H],False
14,17,2,14:17:2,-3.18348,[H]OC1(C(=O)N([H])C([H])([H])[H])C(=O)C2(O[H])C([H])([H])C([H])([H])C([H])=C1C1([H])OC3(O[H])C4(C([H])([H])[H])OC([H])(OC([H])([H])[H])C5(C([H])([H])C([H])(C2([H])O[H])C1(O[H])C1([H])C([H])(O[H])C([H])(OC([H])([H])[H])C1(O[H])C1(O[H])S(=O)C5([H])C([H])([H])C2(C([H])([H])[H])OC2([H])C3(O[H])C1([H])O[H])C([H])(O[H])C4([H])O[H],False
14,19,0,14:19:0,-4.50586,[H]OC1(C(=O)N([H])C([H])([H])[H])C(=O)C2(O[H])C([H])([H])C([H])([H])C([H])=C1C1([H])OC3(O[H])C4(C([H])([H])[H])OC([H])(OC([H])([H])[H])C5(C([H])([H])C([H])(C2([H])O[H])C1(O[H])C1([H])C([H])(O[H])C([H])(OC([H])([H])[H])C1(O[H])C1(O[H])S(=O)C5([H])C([H])([H])C2(C([H])([H])[H])OC2([H])C3(O[H])C1([H])O[H])C([H])(O[H])C4([H])O[H],True
14,19,1,14:19:1,-4.3264,[H]OC1(C(=O)N([H])C([H])([H])[H])C(=O)C2(O[H])C([H])([H])C([H])([H])C([H])=C1C1([H])OC3(O[H])C4(C([H])([H])[H])OC([H])(OC([H])([H])[H])C5(C([H])([H])C([H])(C2([H])O[H])C1(O[H])C1([H])C([H])(O[H])C([H])(OC([H])([H])[H])C1(O[H])C1(O[H])S(=O)C5([H])C([H])([H])C2(C([H])([H])[H])OC2([H])C3(O[H])C1([H])O[H])C([H])(O[H])C4([H])O[H],False
14,19,2,14:19:2,-3.84507,[H]OC1(C(=O)N([H])C([H])([H])[H])C(=O)C2(O[H])C([H])([H])C([H])([H])C([H])=C1C1([H])OC3(O[H])C4(C([H])([H])[H])OC([H])(OC([H])([H])[H])C5(C([H])([H])C([H])(C2([H])O[H])C1(O[H])C1([H])C([H])(O[H])C([H])(OC([H])([H])[H])C1(O[H])C1(O[H])S(=O)C5([H])C([H])([H])C2(C([H])([H])[H])OC2([H])C3(O[H])C1([H])O[H])C([H])(O[H])C4([H])O[H],False
14,20,0,14:20:0,-4.83425,[H]OC1(C(=O)N([H])C([H])([H])[H])C(=O)C2(O[H])C([H])([H])C([H])([H])C([H])=C1C1([H])OC3(O[H])C4(C([H])([H])[H])OC([H])(OC([H])([H])[H])C5(C([H])([H])C([H])(C2([H])O[H])C1(O[H])C1([H])C([H])(O[H])C([H])(OC([H])([H])[H])C1(O[H])C1(O[H])S(=O)C5([H])C([H])([H])C2(C([H])([H])[H])OC2([H])C3(O[H])C1([H])O[H])C([H])(O[H])C4([H])O[H],True
14,20,1,14:20:1,-4.59506,[H]OC1(C(=O)N([H])C([H])([H])[H])C(=O)C2(O[H])C([H])([H])C([H])([H])C([H])=C1C1([H])OC3(O[H])C4(C([H])([H])[H])OC([H])(OC([H])([H])[H])C5(C([H])([H])C([H])(C2([H])O[H])C1(O[H])C1([H])C([H])(O[H])C([H])(OC([H])([H])[H])C1(O[H])C1(O[H])S(=O)C5([H])C([H])([H])C2(C([H])([H])[H])OC2([H])C3(O[H])C1([H])O[H])C([H])(O[H])C4([H])O[H],False
14,20,2,14:20:2,-4.13596,[H]OC1(C(=O)N([H])C([H])([H])[H])C(=O)C2(O[H])C([H])([H])C([H])([H])C([H])=C1C1([H])OC3(O[H])C4(C([H])([H])[H])OC([H])(OC([H])([H])[H])C5(C([H])([H])C([H])(C2([H])O[H])C1(O[H])C1([H])C([H])(O[H])C([H])(OC([H])([H])[H])C1(O[H])C1(O[H])S(=O)C5([H])C([H])([H])C2(C([H])([H])[H])OC2([H])C3(O[H])C1([H])O[H])C([H])(O[H])C4([H])O[H],False
14,21,0,14:21:0,-4.47223,[H]OC1(C(=O)N([H])C([H])([H])[H])C(=O)C2(O[H])C([H])([H])C([H])([H])C([H])=C1C1([H])OC3(O[H])C4(C([H])([H])[H])OC([H])(OC([H])([H])[H])C5(C([H])([H])C([H])(C2([H])O[H])C1(O[H])C1([H])C([H])(O[H])C([H])(OC([H])([H])[H])C1(O[H])C1(O[H])S(=O)C5([H])C([H])([H])C2(C([H])([H])[H])OC2([H])C3(O[H])C1([H])O[H])C([H])(O[H])C4([H])O[H],True
14,21,1,14:21:1,-4.4201,[H]OC1(C(=O)N([H])C([H])([H])[H])C(=O)C2(O[H])C([H])([H])C([H])([H])C([H])=C1C1([H])OC3(O[H])C4(C([H])([H])[H])OC([H])(OC([H])([H])[H])C5(C([H])([H])C([H])(C2([H])O[H])C1(O[H])C1([H])C([H])(O[H])C([H])(OC([H])([H])[H])C1(O[H])C1(O[H])S(=O)C5([H])C([H])([H])C2(C([H])([H])[H])OC2([H])C3(O[H])C1([H])O[H])C([H])(O[H])C4([H])O[H],False
14,21,2,14:21:2,-4.00751,[H]OC1(C(=O)N([H])C([H])([H])[H])C(=O)C2(O[H])C([H])([H])C([H])([H])C([H])=C1C1([H])OC3(O[H])C4(C([H])([H])[H])OC([H])(OC([H])([H])[H])C5(C([H])([H])C([H])(C2([H])O[H])C1(O[H])C1([H])C([H])(O[H])C([H])(OC([H])([H])[H])C1(O[H])C1(O[H])S(=O)C5([H])C([H])([H])C2(C([H])([H])[H])OC2([H])C3(O[H])C1([H])O[H])C([H])(O[H])C4([H])O[H],False
14,23,0,14:23:0,-3.78478,[H]OC1(C(=O)N([H])C([H])([H])[H])C(=O)C2(O[H])C([H])([H])C([H])([H])C([H])=C1C1([H])OC3(O[H])C4(C([H])([H])[H])OC([H])(OC([H])([H])[H])C5(C([H])([H])C([H])(C2([H])O[H])C1(O[H])C1([H])C([H])(O[H])C([H])(OC([H])([H])[H])C1(O[H])C1(O[H])S(=O)C5([H])C([H])([H])C2(C([H])([H])[H])OC2([H])C3(O[H])C1([H])O[H])C([H])(O[H])C4([H])O[H],True
14,23,1,14:23:1,-3.67966,[H]OC1(C(=O)N([H])C([H])([H])[H])C(=O)C2(O[H])C([H])([H])C([H])([H])C([H])=C1C1([H])OC3(O[H])C4(C([H])([H])[H])OC([H])(OC([H])([H])[H])C5(C([H])([H])C([H])(C2([H])O[H])C1(O[H])C1([H])C([H])(O[H])C([H])(OC([H])([H])[H])C1(O[H])C1(O[H])S(=O)C5([H])C([H])([H])C2(C([H])([H])[H])OC2([H])C3(O[H])C1([H])O[H])C([H])(O[H])C4([H])O[H],False
14,23,2,14:23:2,-3.54657,[H]OC1(C(=O)N([H])C([H])([H])[H])C(=O)C2(O[H])C([H])([H])C([H])([H])C([H])=C1C1([H])OC3(O[H])C4(C([H])([H])[H])OC([H])(OC([H])([H])[H])C5(C([H])([H])C([H])(C2([H])O[H])C1(O[H])C1([H])C([H])(O[H])C([H])(OC([H])([H])[H])C1(O[H])C1(O[H])S(=O)C5([H])C([H])([H])C2(C([H])([H])[H])OC2([H])C3(O[H])C1([H])O[H])C([H])(O[H])C4([H])O[H],False
14,24,0,14:24:0,-3.52269,[H]OC1(C(=O)N([H])C([H])([H])[H])C(=O)C2(O[H])C([H])([H])C([H])([H])C([H])=C1C1([H])OC3(O[H])C4(C([H])([H])[H])OC([H])(OC([H])([H])[H])C5(C([H])([H])C([H])(C2([H])O[H])C1(O[H])C1([H])C([H])(O[H])C([H])(OC([H])([H])[H])C1(O[H])C1(O[H])S(=O)C5([H])C([H])([H])C2(C([H])([H])[H])OC2([H])C3(O[H])C1([H])O[H])C([H])(O[H])C4([H])O[H],True
14,24,1,14:24:1,-3.37834,[H]OC1(C(=O)N([H])C([H])([H])[H])C(=O)C2(O[H])C([H])([H])C([H])([H])C([H])=C1C1([H])OC3(O[H])C4(C([H])([H])[H])OC([H])(OC([H])([H])[H])C5(C([H])([H])C([H])(C2([H])O[H])C1(O[H])C1([H])C([H])(O[H])C([H])(OC([H])([H])[H])C1(O[H])C1(O[H])S(=O)C5([H])C([H])([H])C2(C([H])([H])[H])OC2([H])C3(O[H])C1([H])O[H])C([H])(O[H])C4([H])O[H],False
14,24,2,14:24:2,-3.17362,[H]OC1(C(=O)N([H])C([H])([H])[H])C(=O)C2(O[H])C([H])([H])C([H])([H])C([H])=C1C1([H])OC3(O[H])C4(C([H])([H])[H])OC([H])(OC([H])([H])[H])C5(C([H])([H])C([H])(C2([H])O[H])C1(O[H])C1([H])C([H])(O[H])C([H])(OC([H])([H])[H])C1(O[H])C1(O[H])S(=O)C5([H])C([H])([H])C2(C([H])([H])[H])OC2([H])C3(O[H])C1([H])O[H])C([H])(O[H])C4([H])O[H],False
14,26,0,14:26:0,-2.39185,[H]OC1(C(=O)N([H])C([H])([H])[H])C(=O)C2(O[H])C([H])([H])C([H])([H])C([H])=C1C1([H])OC3(O[H])C4(C([H])([H])[H])OC([H])(OC([H])([H])[H])C5(C([H])([H])C([H])(C2([H])O[H])C1(O[H])C1([H])C([H])(O[H])C([H])(OC([H])([H])[H])C1(O[H])C1(O[H])S(=O)C5([H])C([H])([H])C2(C([H])([H])[H])OC2([H])C3(O[H])C1([H])O[H])C([H])(O[H])C4([H])O[H],True
14,26,1,14:26:1,-1.47516,[H]OC1(C(=O)N([H])C([H])([H])[H])C(=O)C2(O[H])C([H])([H])C([H])([H])C([H])=C1C1([H])OC3(O[H])C4(C([H])([H])[H])OC([H])(OC([H])([H])[H])C5(C([H])([H])C([H])(C2([H])O[H])C1(O[H])C1([H])C([H])(O[H])C([H])(OC([H])([H])[H])C1(O[H])C1(O[H])S(=O)C5([H])C([H])([H])C2(C([H])([H])[H])OC2([H])C3(O[H])C1([H])O[H])C([H])(O[H])C4([H])O[H],False
15,0,0,15:0:0,-2.24419,[H]OC1([H])C([H])([H])C([H])([H])C2(O[H])C3([H])C4(C([H])([H])[H])OC([H])([H])C([H])(S4=O)C([H])(OC4(C([H])([H])[H])OC([H])(C5([H])OOC6(OC([H])([H])C([H])(C([H])([H])[H])C([H])([H])C5([H])C6([H])[H])C(C([H])([H])[H])(C([H])([H])[H])O4)C24OC([H])([H])C([H])([H])C4([H])[H])C13C([H])([H])[H],True
15,0,1,15:0:1,-2.13288,[H]OC1([H])C([H])([H])C([H])([H])C2(O[H])C3([H])C4(C([H])([H])[H])OC([H])([H])C([H])(S4=O)C([H])(OC4(C([H])([H])[H])OC([H])(C5([H])OOC6(OC([H])([H])C([H])(C([H])([H])[H])C([H])([H])C5([H])C6([H])[H])C(C([H])([H])[H])(C([H])([H])[H])O4)C24OC([H])([H])C([H])([H])C4([H])[H])C13C([H])([H])[H],False
15,0,2,15:0:2,-2.10611,[H]OC1([H])C([H])([H])C([H])([H])C2(O[H])C3([H])C4(C([H])([H])[H])OC([H])([H])C([H])(S4=O)C([H])(OC4(C([H])([H])[H])OC([H])(C5([H])OOC6(OC([H])([H])C([H])(C([H])([H])[H])C([H])([H])C5([H])C6([H])[H])C(C([H])([H])[H])(C([H])([H])[H])O4)C24OC([H])([H])C([H])([H])C4([H])[H])C13C([H])([H])[H],False
16,0,0,16:0:0,-4.00828,[H]OC([H])([H])C1([H])OC2([H])C3([H])C4([H])C([H])([H])C([H])([H])C5([H])C67OC(C([H])([H])[H])(C([H])([H])[H])C(O[H])(OC6([H])[H])C([H])(O[H])C7(O[H])C([H])(O[H])C6(C([H])([H])[H])OC(O[H])(C(=O)C([H])([H])[H])C6(O[H])OC([H])([H])C6([H])S(=O)C([H])([H])C([H])([H])C7(C([H])(O[H])C([H])([H])[H])OC([H])(OC([H])(C1([H])[H])C63C([H])(OC([H])([H])[H])C([H])([H])C45C([H])([H])[H])C27O[H],True
16,0,1,16:0:1,-3.52525,[H]OC([H])([H])C1([H])OC2([H])C3([H])C4([H])C([H])([H])C([H])([H])C5([H])C67OC(C([H])([H])[H])(C([H])([H])[H])C(O[H])(OC6([H])[H])C([H])(O[H])C7(O[H])C([H])(O[H])C6(C([H])([H])[H])OC(O[H])(C(=O)C([H])([H])[H])C6(O[H])OC([H])([H])C6([H])S(=O)C([H])([H])C([H])([H])C7(C([H])(O[H])C([H])([H])[H])OC([H])(OC([H])(C1([H])[H])C63C([H])(OC([H])([H])[H])C([H])([H])C45C([H])([H])[H])C27O[H],False
16,0,2,16:0:2,-3.29134,[H]OC([H])([H])C1([H])OC2([H])C3([H])C4([H])C([H])([H])C([H])([H])C5([H])C67OC(C([H])([H])[H])(C([H])([H])[H])C(O[H])(OC6([H])[H])C([H])(O[H])C7(O[H])C([H])(O[H])C6(C([H])([H])[H])OC(O[H])(C(=O)C([H])([H])[H])C6(O[H])OC([H])([H])C6([H])S(=O)C([H])([H])C([H])([H])C7(C([H])(O[H])C([H])([H])[H])OC([H])(OC([H])(C1([H])[H])C63C([H])(OC([H])([H])[H])C([H])([H])C45C([H])([H])[H])C27O[H],False
19,0,0,19:0:0,-2.588,[H]OC([H])([H])C1(O[H])C([H])(C([H])([H])[H])OC2([H])C1([H])C1(C([H])([H])[H])C([H])([H])C3(O[H])OC2(C([H])([H])[H])C24C([H])([H])C([H])(O[H])C([H])(OC(=O)C([H])([H])[H])C3([H])C(C([H])([H])[H])(C([H])([H])[H])C(=O)C1(O[H])C1(O[H])C([H])=C([H])C(O[H])(C([H])([H])[H])C1(C([H])([H])[H])C1([H])S(=O)C2([H])C2([H])C3([H])OC(C([H])([H])[H])(C([H])([H])[H])C2(O[H])C(OC([H])([H])[H])(OC([H])([H])[H])C(=O)C([H])=C(C(O[H])(C1([H])[H])C4(C([H])([H])[H])C([H])([H])[H])C3(C([H])([H])[H])C([H])([H])[H],True
19,0,1,19:0:1,-2.5062,[H]OC([H])([H])C1(O[H])C([H])(C([H])([H])[H])OC2([H])C1([H])C1(C([H])([H])[H])C([H])([H])C3(O[H])OC2(C([H])([H])[H])C24C([H])([H])C([H])(O[H])C([H])(OC(=O)C([H])([H])[H])C3([H])C(C([H])([H])[H])(C([H])([H])[H])C(=O)C1(O[H])C1(O[H])C([H])=C([H])C(O[H])(C([H])([H])[H])C1(C([H])([H])[H])C1([H])S(=O)C2([H])C2([H])C3([H])OC(C([H])([H])[H])(C([H])([H])[H])C2(O[H])C(OC([H])([H])[H])(OC([H])([H])[H])C(=O)C([H])=C(C(O[H])(C1([H])[H])C4(C([H])([H])[H])C([H])([H])[H])C3(C([H])([H])[H])C([H])([H])[H],False
19,0,2,19:0:2,-2.47384,[H]OC([H])([H])C1(O[H])C([H])(C([H])([H])[H])OC2([H])C1([H])C1(C([H])([H])[H])C([H])([H])C3(O[H])OC2(C([H])([H])[H])C24C([H])([H])C([H])(O[H])C([H])(OC(=O)C([H])([H])[H])C3([H])C(C([H])([H])[H])(C([H])([H])[H])C(=O)C1(O[H])C1(O[H])C([H])=C([H])C(O[H])(C([H])([H])[H])C1(C([H])([H])[H])C1([H])S(=O)C2([H])C2([H])C3([H])OC(C([H])([H])[H])(C([H])([H])[H])C2(O[H])C(OC([H])([H])[H])(OC([H])([H])[H])C(=O)C([H])=C(C(O[H])(C1([H])[H])C4(C([H])([H])[H])C([H])([H])[H])C3(C([H])([H])[H])C([H])([H])[H],False
19,1,0,19:1:0,-3.27754,[H]OC([H])([H])C1(O[H])C([H])(C([H])([H])[H])OC2([H])C1([H])C1(C([H])([H])[H])C([H])([H])C3(O[H])OC2(C([H])([H])[H])C24C([H])([H])C([H])(O[H])C([H])(OC(=O)C([H])([H])[H])C3([H])C(C([H])([H])[H])(C([H])([H])[H])C(=O)C1(O[H])C1(O[H])C([H])=C([H])C(O[H])(C([H])([H])[H])C1(C([H])([H])[H])C1([H])S(=O)C2([H])C2([H])C3([H])OC(C([H])([H])[H])(C([H])([H])[H])C2(O[H])C(OC([H])([H])[H])(OC([H])([H])[H])C(=O)C([H])=C(C(O[H])(C1([H])[H])C4(C([H])([H])[H])C([H])([H])[H])C3(C([H])([H])[H])C([H])([H])[H],True
19,1,1,19:1:1,-1.22195,[H]OC([H])([H])C1(O[H])C([H])(C([H])([H])[H])OC2([H])C1([H])C1(C([H])([H])[H])C([H])([H])C3(O[H])OC2(C([H])([H])[H])C24C([H])([H])C([H])(O[H])C([H])(OC(=O)C([H])([H])[H])C3([H])C(C([H])([H])[H])(C([H])([H])[H])C(=O)C1(O[H])C1(O[H])C([H])=C([H])C(O[H])(C([H])([H])[H])C1(C([H])([H])[H])C1([H])S(=O)C2([H])C2([H])C3([H])OC(C([H])([H])[H])(C([H])([H])[H])C2(O[H])C(OC([H])([H])[H])(OC([H])([H])[H])C(=O)C([H])=C(C(O[H])(C1([H])[H])C4(C([H])([H])[H])C([H])([H])[H])C3(C([H])([H])[H])C([H])([H])[H],False
20,0,0,20:0:0,-2.73869,[H]Oc1c([H])c2c3c(c1O[H])C([H])([H])C([H])(N(C(=O)c1c([H])nc([H])c(Br)c1[H])C([H])([H])[H])C1([H])S(=O)C([H])([H])C4(O[H])C31C([H])([H])C([H])([H])[N+]([H])(C([H])([H])[H])C4([H])C2([H])[H],True
20,0,1,20:0:1,-2.44599,[H]Oc1c([H])c2c3c(c1O[H])C([H])([H])C([H])(N(C(=O)c1c([H])nc([H])c(Br)c1[H])C([H])([H])[H])C1([H])S(=O)C([H])([H])C4(O[H])C31C([H])([H])C([H])([H])[N+]([H])(C([H])([H])[H])C4([H])C2([H])[H],False
20,0,2,20:0:2,-2.10993,[H]Oc1c([H])c2c3c(c1O[H])C([H])([H])C([H])(N(C(=O)c1c([H])nc([H])c(Br)c1[H])C([H])([H])[H])C1([H])S(=O)C([H])([H])C4(O[H])C31C([H])([H])C([H])([H])[N+]([H])(C([H])([H])[H])C4([H])C2([H])[H],False
20,1,0,20:1:0,-2.28369,[H]Oc1c([H])c2c3c(c1O[H])C([H])([H])C([H])(N(C(=O)c1c([H])nc([H])c(Br)c1[H])C([H])([H])[H])C1([H])S(=O)C([H])([H])C4(O[H])C([H])(N(C([H])([H])[H])C([H])([H])C([H])([H])C314)C2([H])[H],True
20,1,1,20:1:1,-1.92204,[H]Oc1c([H])c2c3c(c1O[H])C([H])([H])C([H])(N(C(=O)c1c([H])nc([H])c(Br)c1[H])C([H])([H])[H])C1([H])S(=O)C([H])([H])C4(O[H])C([H])(N(C([H])([H])[H])C([H])([H])C([H])([H])C314)C2([H])[H],False
20,1,2,20:1:2,-1.86992,[H]Oc1c([H])c2c3c(c1O[H])C([H])([H])C([H])(N(C(=O)c1c([H])nc([H])c(Br)c1[H])C([H])([H])[H])C1([H])S(=O)C([H])([H])C4(O[H])C([H])(N(C([H])([H])[H])C([H])([H])C([H])([H])C314)C2([H])[H],False
22,0,0,22:0:0,-3.33723,[H]OC12C(=O)C3(O[H])C4([H])OC4(C([H])([H])[H])C4([H])S(=O)C([H])([H])C([H])(O[H])C5(O[H])C46C([H])(O[H])C4([H])C(C([H])([H])[H])(C([H])([H])[H])OC(C([H])([H])[H])(C([H])([H])[H])C45C([H])(O[H])C6(O[H])C3([H])C(O[H])(C([H])([H])[H])C([H])(O[H])C([H])(OC(=O)C([H])([H])[H])C(C(=C([H])[H])C([H])([H])[H])(C1=O)C1(C([H])([H])[H])OC1(C([H])(C([H])([H])[H])C([H])([H])[H])C2([H])O[H],True
22,0,1,22:0:1,-2.84901,[H]OC12C(=O)C3(O[H])C4([H])OC4(C([H])([H])[H])C4([H])S(=O)C([H])([H])C([H])(O[H])C5(O[H])C46C([H])(O[H])C4([H])C(C([H])([H])[H])(C([H])([H])[H])OC(C([H])([H])[H])(C([H])([H])[H])C45C([H])(O[H])C6(O[H])C3([H])C(O[H])(C([H])([H])[H])C([H])(O[H])C([H])(OC(=O)C([H])([H])[H])C(C(=C([H])[H])C([H])([H])[H])(C1=O)C1(C([H])([H])[H])OC1(C([H])(C([H])([H])[H])C([H])([H])[H])C2([H])O[H],False
22,0,2,22:0:2,-2.48999,[H]OC12C(=O)C3(O[H])C4([H])OC4(C([H])([H])[H])C4([H])S(=O)C([H])([H])C([H])(O[H])C5(O[H])C46C([H])(O[H])C4([H])C(C([H])([H])[H])(C([H])([H])[H])OC(C([H])([H])[H])(C([H])([H])[H])C45C([H])(O[H])C6(O[H])C3([H])C(O[H])(C([H])([H])[H])C([H])(O[H])C([H])(OC(=O)C([H])([H])[H])C(C(=C([H])[H])C([H])([H])[H])(C1=O)C1(C([H])([H])[H])OC1(C([H])(C([H])([H])[H])C([H])([H])[H])C2([H])O[H],False
26,0,0,26:0:0,-3.41929,[H]OC12C([H])([H])C(c3nc([H])oc3[H])(C([H])([H])[H])OC(C([H])([H])[H])(C([H])([H])[H])C1([H])C1([H])C([H])([H])C34C5([H])S(=O)C(C([H])([H])[H])(C([H])(OC(=O)SC([H])([H])[H])C3(O[H])C(O[H])(C([H])([H])C([H])([H])C(=C([H])[H])C([H])=C([H])[H])C5([H])C([H])([H])[H])C2([H])C1(C([H])([H])[H])C1([H])OC(=O)C([H])([H])C([H])(C([H])([H])[H])C14O[H],True
26,0,1,26:0:1,-2.84421,[H]OC12C([H])([H])C(c3nc([H])oc3[H])(C([H])([H])[H])OC(C([H])([H])[H])(C([H])([H])[H])C1([H])C1([H])C([H])([H])C34C5([H])S(=O)C(C([H])([H])[H])(C([H])(OC(=O)SC([H])([H])[H])C3(O[H])C(O[H])(C([H])([H])C([H])([H])C(=C([H])[H])C([H])=C([H])[H])C5([H])C([H])([H])[H])C2([H])C1(C([H])([H])[H])C1([H])OC(=O)C([H])([H])C([H])(C([H])([H])[H])C14O[H],False
26,0,2,26:0:2,-2.2413,[H]OC12C([H])([H])C(c3nc([H])oc3[H])(C([H])([H])[H])OC(C([H])([H])[H])(C([H])([H])[H])C1([H])C1([H])C([H])([H])C34C5([H])S(=O)C(C([H])([H])[H])(C([H])(OC(=O)SC([H])([H])[H])C3(O[H])C(O[H])(C([H])([H])C([H])([H])C(=C([H])[H])C([H])=C([H])[H])C5([H])C([H])([H])[H])C2([H])C1(C([H])([H])[H])C1([H])OC(=O)C([H])([H])C([H])(C([H])([H])[H])C14O[H],False
26,1,0,26:1:0,-2.36971,[H]OC12C([H])([H])C(c3nc([H])oc3[H])(C([H])([H])[H])OC(C([H])([H])[H])(C([H])([H])[H])C1([H])C1([H])C([H])([H])C34C5([H])S(=O)C(C([H])([H])[H])(C([H])(OC(=O)SC([H])([H])[H])C3(O[H])C(O[H])(C([H])([H])C([H])([H])C(=C([H])[H])C([H])=C([H])[H])C5([H])C([H])([H])[H])C2([H])C1(C([H])([H])[H])C1([H])OC(=O)C([H])([H])C([H])(C([H])([H])[H])C14O[H],True
26,1,1,26:1:1,-2.22885,[H]OC12C([H])([H])C(c3nc([H])oc3[H])(C([H])([H])[H])OC(C([H])([H])[H])(C([H])([H])[H])C1([H])C1([H])C([H])([H])C34C5([H])S(=O)C(C([H])([H])[H])(C([H])(OC(=O)SC([H])([H])[H])C3(O[H])C(O[H])(C([H])([H])C([H])([H])C(=C([H])[H])C([H])=C([H])[H])C5([H])C([H])([H])[H])C2([H])C1(C([H])([H])[H])C1([H])OC(=O)C([H])([H])C([H])(C([H])([H])[H])C14O[H],False
26,1,2,26:1:2,-1.9377,[H]OC12C([H])([H])C(c3nc([H])oc3[H])(C([H])([H])[H])OC(C([H])([H])[H])(C([H])([H])[H])C1([H])C1([H])C([H])([H])C34C5([H])S(=O)C(C([H])([H])[H])(C([H])(OC(=O)SC([H])([H])[H])C3(O[H])C(O[H])(C([H])([H])C([H])([H])C(=C([H])[H])C([H])=C([H])[H])C5([H])C([H])([H])[H])C2([H])C1(C([H])([H])[H])C1([H])OC(=O)C([H])([H])C([H])(C([H])([H])[H])C14O[H],False
34,0,0,34:0:0,-3.22168,[H]OC1([H])C(=C([H])[H])C2(O[H])C([H])([H])C([H])(OC(=O)C([H])([H])C([H])([H])C([H])([H])C([H])([H])[H])C(=C([H])[H])C(O[H])(C3(O[H])C4(C([H])([H])[H])OC([H])([H])C56C([H])([H])OC7([H])C8([H])C(C([H])([H])[H])(C([H])([H])[H])C8(C([H])([H])[H])C5([H])S(=O)C(C([H])([H])[H])(C([H])(OC(=O)C([H])([H])[H])C76O[H])C3(O[H])C([H])(OC(=O)C([H])([H])[H])C4([H])[H])C2(O[H])C1([H])[H],True
34,0,1,34:0:1,-2.75583,[H]OC1([H])C(=C([H])[H])C2(O[H])C([H])([H])C([H])(OC(=O)C([H])([H])C([H])([H])C([H])([H])C([H])([H])[H])C(=C([H])[H])C(O[H])(C3(O[H])C4(C([H])([H])[H])OC([H])([H])C56C([H])([H])OC7([H])C8([H])C(C([H])([H])[H])(C([H])([H])[H])C8(C([H])([H])[H])C5([H])S(=O)C(C([H])([H])[H])(C([H])(OC(=O)C([H])([H])[H])C76O[H])C3(O[H])C([H])(OC(=O)C([H])([H])[H])C4([H])[H])C2(O[H])C1([H])[H],False
36,0,0,36:0:0,-5.19683,[H]OC([H])(C([H])([H])C12OC1(C([H])([H])[H])C([H])(O[H])C1(O[H])C(C([H])([H])[H])(C([H])([H])[H])C([H])(C([H])(O[H])C3(C([H])([H])[H])S(=O)C4([H])C([H])([H])C([H])([H])C5(C([H])([H])[H])C([H])(O[H])C(O[H])(C([H])([H])[H])C([H])(C(O[H])(C([H])([H])[H])C([H])([H])[H])C5([H])C5(O[H])C([H])(O[H])C([H])(OC(=O)C([H])([H])[H])C3(C([H])([H])[H])C451)C1(C([H])([H])[H])OC(C([H])([H])[H])(C([H])([H])[H])C12[H])C1([H])OC(=O)C(=C([H])[H])C1([H])[H],True
36,0,1,36:0:1,-4.84814,[H]OC([H])(C([H])([H])C12OC1(C([H])([H])[H])C([H])(O[H])C1(O[H])C(C([H])([H])[H])(C([H])([H])[H])C([H])(C([H])(O[H])C3(C([H])([H])[H])S(=O)C4([H])C([H])([H])C([H])([H])C5(C([H])([H])[H])C([H])(O[H])C(O[H])(C([H])([H])[H])C([H])(C(O[H])(C([H])([H])[H])C([H])([H])[H])C5([H])C5(O[H])C([H])(O[H])C([H])(OC(=O)C([H])([H])[H])C3(C([H])([H])[H])C451)C1(C([H])([H])[H])OC(C([H])([H])[H])(C([H])([H])[H])C12[H])C1([H])OC(=O)C(=C([H])[H])C1([H])[H],False
36,0,2,36:0:2,-4.42737,[H]OC([H])(C([H])([H])C12OC1(C([H])([H])[H])C([H])(O[H])C1(O[H])C(C([H])([H])[H])(C([H])([H])[H])C([H])(C([H])(O[H])C3(C([H])([H])[H])S(=O)C4([H])C([H])([H])C([H])([H])C5(C([H])([H])[H])C([H])(O[H])C(O[H])(C([H])([H])[H])C([H])(C(O[H])(C([H])([H])[H])C([H])([H])[H])C5([H])C5(O[H])C([H])(O[H])C([H])(OC(=O)C([H])([H])[H])C3(C([H])([H])[H])C451)C1(C([H])([H])[H])OC(C([H])([H])[H])(C([H])([H])[H])C12[H])C1([H])OC(=O)C(=C([H])[H])C1([H])[H],False
38,0,0,38:0:0,-4.17292,[H]OC12C(=O)OC3([H])C4([H])S(=O)C([H])(C([H])([H])C4([H])C4(OC([H])([H])[H])OC1([H])C4([H])[H])C32[H],True
38,0,1,38:0:1,-3.23583,[H]OC12C(=O)OC3([H])C4([H])S(=O)C([H])(C([H])([H])C4([H])C4(OC([H])([H])[H])OC1([H])C4([H])[H])C32[H],False
38,0,2,38:0:2,-3.01246,[H]OC12C(=O)OC3([H])C4([H])S(=O)C([H])(C([H])([H])C4([H])C4(OC([H])([H])[H])OC1([H])C4([H])[H])C32[H],False
40,1,0,40:1:0,-5.97435,[H]OC1([H])C([H])(OC2(C([H])([H])[H])C([H])(O[H])C34OC3(C([H])([H])[H])C([H])(C3([H])S(=O)C(O[H])(C([H])(O[H])C5([H])C(O[H])(C3([H])[H])C(O[H])(C([H])([H])[H])C([H])([H])C([H])([H])C5(C([H])([H])[H])C([H])([H])[H])C3(O[H])C(=O)C5([H])C([H])([H])C(O[H])(C([H])([H])[H])OC5([H])C(C([H])([H])[H])(C([H])([H])[H])C34O[H])C2(O[H])C([H])([H])[H])OC([H])(C([H])([H])[H])C([H])(O[H])C1([H])O[H],True
40,1,1,40:1:1,-5.35544,[H]OC1([H])C([H])(OC2(C([H])([H])[H])C([H])(O[H])C34OC3(C([H])([H])[H])C([H])(C3([H])S(=O)C(O[H])(C([H])(O[H])C5([H])C(O[H])(C3([H])[H])C(O[H])(C([H])([H])[H])C([H])([H])C([H])([H])C5(C([H])([H])[H])C([H])([H])[H])C3(O[H])C(=O)C5([H])C([H])([H])C(O[H])(C([H])([H])[H])OC5([H])C(C([H])([H])[H])(C([H])([H])[H])C34O[H])C2(O[H])C([H])([H])[H])OC([H])(C([H])([H])[H])C([H])(O[H])C1([H])O[H],False
40,1,2,40:1:2,-3.85494,[H]OC1([H])C([H])(OC2(C([H])([H])[H])C([H])(O[H])C34OC3(C([H])([H])[H])C([H])(C3([H])S(=O)C(O[H])(C([H])(O[H])C5([H])C(O[H])(C3([H])[H])C(O[H])(C([H])([H])[H])C([H])([H])C([H])([H])C5(C([H])([H])[H])C([H])([H])[H])C3(O[H])C(=O)C5([H])C([H])([H])C(O[H])(C([H])([H])[H])OC5([H])C(C([H])([H])[H])(C([H])([H])[H])C34O[H])C2(O[H])C([H])([H])[H])OC([H])(C([H])([H])[H])C([H])(O[H])C1([H])O[H],False
40,3,0,40:3:0,-3.32672,[H]OC1([H])C([H])(OC2(C([H])([H])[H])C([H])(O[H])C34OC3(C([H])([H])[H])C([H])(C3([H])S(=O)C(O[H])(C([H])(O[H])C5([H])C(O[H])(C3([H])[H])C(O[H])(C([H])([H])[H])C([H])([H])C([H])([H])C5(C([H])([H])[H])C([H])([H])[H])C3(O[H])C(=O)C5([H])C([H])([H])C(O[H])(C([H])([H])[H])OC5([H])C(C([H])([H])[H])(C([H])([H])[H])C34O[H])C2(O[H])C([H])([H])[H])OC([H])(C([H])([H])[H])C([H])(O[H])C1([H])O[H],True
40,3,1,40:3:1,-3.31816,[H]OC1([H])C([H])(OC2(C([H])([H])[H])C([H])(O[H])C34OC3(C([H])([H])[H])C([H])(C3([H])S(=O)C(O[H])(C([H])(O[H])C5([H])C(O[H])(C3([H])[H])C(O[H])(C([H])([H])[H])C([H])([H])C([H])([H])C5(C([H])([H])[H])C([H])([H])[H])C3(O[H])C(=O)C5([H])C([H])([H])C(O[H])(C([H])([H])[H])OC5([H])C(C([H])([H])[H])(C([H])([H])[H])C34O[H])C2(O[H])C([H])([H])[H])OC([H])(C([H])([H])[H])C([H])(O[H])C1([H])O[H],False
40,3,2,40:3:2,-3.06209,[H]OC1([H])C([H])(OC2(C([H])([H])[H])C([H])(O[H])C34OC3(C([H])([H])[H])C([H])(C3([H])S(=O)C(O[H])(C([H])(O[H])C5([H])C(O[H])(C3([H])[H])C(O[H])(C([H])([H])[H])C([H])([H])C([H])([H])C5(C([H])([H])[H])C([H])([H])[H])C3(O[H])C(=O)C5([H])C([H])([H])C(O[H])(C([H])([H])[H])OC5([H])C(C([H])([H])[H])(C([H])([H])[H])C34O[H])C2(O[H])C([H])([H])[H])OC([H])(C([H])([H])[H])C([H])(O[H])C1([H])O[H],False
41,0,0,41:0:0,-2.4126,[H]OC12C(=O)C3(C([H])([H])[H])C4([H])C([H])(OC(=O)C([H])([H])[H])C5(O[H])C(O[H])(C(=O)C([H])([H])[H])C(C([H])([H])[H])(C([H])(OC(=O)C([H])([H])C([H])([H])[H])C([H])([H])[H])C(C([H])([H])[H])(C([H])([H])[H])C5(C([H])([H])C1(O[H])C([H])([H])C([H])([H])C4(C([H])([H])[H])C([H])([H])[H])C([H])(S2=O)C1(C([H])([H])[H])OC([H])([H])C13O[H],True
48,0,0,48:0:0,-3.90059,[H]OC1([H])C(=C([H])[H])C2(O[H])C34C([H])(O[H])C(=C([H])[H])S(=O)C5([H])C([H])(O[H])C([H])(O[H])C3(O[H])C(C([H])([H])[H])(C([H])([H])[H])C25C(C([H])([H])[H])(C([H])([H])C([H])([H])C4([H])O[H])C([H])(OC(=O)C([H])([H])[H])C1([H])[H],True
48,0,1,48:0:1,-2.35358,[H]OC1([H])C(=C([H])[H])C2(O[H])C34C([H])(O[H])C(=C([H])[H])S(=O)C5([H])C([H])(O[H])C([H])(O[H])C3(O[H])C(C([H])([H])[H])(C([H])([H])[H])C25C(C([H])([H])[H])(C([H])([H])C([H])([H])C4([H])O[H])C([H])(OC(=O)C([H])([H])[H])C1([H])[H],False
55,0,0,55:0:0,-2.96886,[H]OC1([H])S(=O)C2([H])C([H])([H])C([H])([H])C3(O[H])C(C([H])([H])[H])(C([H])([H])[H])OC24C3(O[H])C([H])(OC(=O)C([H])([H])[H])C([H])(OC(=O)C([H])([H])[H])C(C([H])([H])[H])(C([H])([H])OC(=O)C([H])([H])[H])C14C([H])([H])[H],True
55,0,1,55:0:1,-2.65666,[H]OC1([H])S(=O)C2([H])C([H])([H])C([H])([H])C3(O[H])C(C([H])([H])[H])(C([H])([H])[H])OC24C3(O[H])C([H])(OC(=O)C([H])([H])[H])C([H])(OC(=O)C([H])([H])[H])C(C([H])([H])[H])(C([H])([H])OC(=O)C([H])([H])[H])C14C([H])([H])[H],False
55,0,2,55:0:2,-2.1173,[H]OC1([H])S(=O)C2([H])C([H])([H])C([H])([H])C3(O[H])C(C([H])([H])[H])(C([H])([H])[H])OC24C3(O[H])C([H])(OC(=O)C([H])([H])[H])C([H])(OC(=O)C([H])([H])[H])C(C([H])([H])[H])(C([H])([H])OC(=O)C([H])([H])[H])C14C([H])([H])[H],False
56,1,0,56:1:0,-5.28806,[H]OC1([H])C(=C([H])[H])C([H])([H])C2(C1([H])[H])C1([H])C(=O)C3(C([H])([H])[H])C4(O[H])C(OC5([H])S(=O)C([H])([H])C([H])([H])C6(C([H])([H])[H])OC6([H])C67OC6([O-])C6(O[H])C(=O)C(O[H])(C(=C([H])[H])C([H])([H])[H])C8(O[H])C5(C([H])([H])[H])OC5(C([H])([H])[H])C([H])(O[H])C([H])(OC(=O)C([H])([H])[H])C2(OC(=O)C([H])([H])[H])C5([H])C8(O[H])C6(O[H])OC(=C(C([H])([H])[H])C([H])([H])[H])C7([H])O[H])(C([H])([H])C([H])(O[H])C14O[H])C1(O[H])OC([H])(C([H])([H])[H])C(C([H])([H])[H])(C1([H])[H])C31OC1([H])[H],True
56,1,1,56:1:1,-4.71381,[H]OC1([H])C(=C([H])[H])C([H])([H])C2(C1([H])[H])C1([H])C(=O)C3(C([H])([H])[H])C4(O[H])C(OC5([H])S(=O)C([H])([H])C([H])([H])C6(C([H])([H])[H])OC6([H])C67OC6([O-])C6(O[H])C(=O)C(O[H])(C(=C([H])[H])C([H])([H])[H])C8(O[H])C5(C([H])([H])[H])OC5(C([H])([H])[H])C([H])(O[H])C([H])(OC(=O)C([H])([H])[H])C2(OC(=O)C([H])([H])[H])C5([H])C8(O[H])C6(O[H])OC(=C(C([H])([H])[H])C([H])([H])[H])C7([H])O[H])(C([H])([H])C([H])(O[H])C14O[H])C1(O[H])OC([H])(C([H])([H])[H])C(C([H])([H])[H])(C1([H])[H])C31OC1([H])[H],False
56,1,2,56:1:2,-3.48,[H]OC1([H])C(=C([H])[H])C([H])([H])C2(C1([H])[H])C1([H])C(=O)C3(C([H])([H])[H])C4(O[H])C(OC5([H])S(=O)C([H])([H])C([H])([H])C6(C([H])([H])[H])OC6([H])C67OC6([O-])C6(O[H])C(=O)C(O[H])(C(=C([H])[H])C([H])([H])[H])C8(O[H])C5(C([H])([H])[H])OC5(C([H])([H])[H])C([H])(O[H])C([H])(OC(=O)C([H])([H])[H])C2(OC(=O)C([H])([H])[H])C5([H])C8(O[H])C6(O[H])OC(=C(C([H])([H])[H])C([H])([H])[H])C7([H])O[H])(C([H])([H])C([H])(O[H])C14O[H])C1(O[H])OC([H])(C([H])([H])[H])C(C([H])([H])[H])(C1([H])[H])C31OC1([H])[H],False
58,0,0,58:0:0,-4.22092,[H]OC12OC3(O[H])C4(O[H])OC([H])([H])C4([H])C([H])(OC1([H])[H])C2(O[H])S(=O)C1([H])C([H])([H])C2(C([H])([H])[H])C([H])(OC(=O)C([H])([H])[H])C([H])([H])C([H])([H])C(C([H])([H])[H])(C([H])([H])[H])C2(O[H])C2(O[H])C([H])(OC(=O)c4c([H])c([H])c([H])n4[H])C(O[H])(C([H])([H])[H])C34C3([H])OC([H])(O3)C124,True
58,0,1,58:0:1,-4.20921,[H]OC12OC3(O[H])C4(O[H])OC([H])([H])C4([H])C([H])(OC1([H])[H])C2(O[H])S(=O)C1([H])C([H])([H])C2(C([H])([H])[H])C([H])(OC(=O)C([H])([H])[H])C([H])([H])C([H])([H])C(C([H])([H])[H])(C([H])([H])[H])C2(O[H])C2(O[H])C([H])(OC(=O)c4c([H])c([H])c([H])n4[H])C(O[H])(C([H])([H])[H])C34C3([H])OC([H])(O3)C124,False
58,0,2,58:0:2,-3.9808,[H]OC12OC3(O[H])C4(O[H])OC([H])([H])C4([H])C([H])(OC1([H])[H])C2(O[H])S(=O)C1([H])C([H])([H])C2(C([H])([H])[H])C([H])(OC(=O)C([H])([H])[H])C([H])([H])C([H])([H])C(C([H])([H])[H])(C([H])([H])[H])C2(O[H])C2(O[H])C([H])(OC(=O)c4c([H])c([H])c([H])n4[H])C(O[H])(C([H])([H])[H])C34C3([H])OC([H])(O3)C124,False
59,0,0,59:0:0,-1.99101,[H]C([H])([H])OC12C3([H])OC3([H])C3([H])C([H])(C([H])([H])[H])C(=O)OC4(C5(OC([H])([H])OC5([H])[H])C4(C([H])([H])[H])C([H])([H])[H])C1(C([H])([H])[H])C3([H])C1(OC(=O)C3(C([H])([H])[H])OC3(C([H])([H])[H])C1([H])[H])C1([H])S(=O)C2([H])C([H])([H])C1([H])[H],True
59,0,1,59:0:1,-1.9278,[H]C([H])([H])OC12C3([H])OC3([H])C3([H])C([H])(C([H])([H])[H])C(=O)OC4(C5(OC([H])([H])OC5([H])[H])C4(C([H])([H])[H])C([H])([H])[H])C1(C([H])([H])[H])C3([H])C1(OC(=O)C3(C([H])([H])[H])OC3(C([H])([H])[H])C1([H])[H])C1([H])S(=O)C2([H])C([H])([H])C1([H])[H],False
59,0,2,59:0:2,-1.56832,[H]C([H])([H])OC12C3([H])OC3([H])C3([H])C([H])(C([H])([H])[H])C(=O)OC4(C5(OC([H])([H])OC5([H])[H])C4(C([H])([H])[H])C([H])([H])[H])C1(C([H])([H])[H])C3([H])C1(OC(=O)C3(C([H])([H])[H])OC3(C([H])([H])[H])C1([H])[H])C1([H])S(=O)C2([H])C([H])([H])C1([H])[H],False
64,0,0,64:0:0,-4.10497,[H]OC([H])([H])C12C([H])(O[H])C([H])(O[H])C(O[H])(C1([H])O[H])C(O[H])(C(=O)OC([H])([H])[H])C1(O[H])C(=O)C3(O[H])C(=O)C(=O)C([H])(C([H])([H])[H])C4(O[H])S(=O)C5([H])C([H])(O[H])C4(C([H])([H])[H])C1(C([H])([H])[H])C3([H])C1([H])OC1(C([H])([H])[H])C52[H],True
64,0,1,64:0:1,-3.42318,[H]OC([H])([H])C12C([H])(O[H])C([H])(O[H])C(O[H])(C1([H])O[H])C(O[H])(C(=O)OC([H])([H])[H])C1(O[H])C(=O)C3(O[H])C(=O)C(=O)C([H])(C([H])([H])[H])C4(O[H])S(=O)C5([H])C([H])(O[H])C4(C([H])([H])[H])C1(C([H])([H])[H])C3([H])C1([H])OC1(C([H])([H])[H])C52[H],False
64,0,2,64:0:2,-3.34051,[H]OC([H])([H])C12C([H])(O[H])C([H])(O[H])C(O[H])(C1([H])O[H])C(O[H])(C(=O)OC([H])([H])[H])C1(O[H])C(=O)C3(O[H])C(=O)C(=O)C([H])(C([H])([H])[H])C4(O[H])S(=O)C5([H])C([H])(O[H])C4(C([H])([H])[H])C1(C([H])([H])[H])C3([H])C1([H])OC1(C([H])([H])[H])C52[H],False
64,1,0,64:1:0,-4.37306,[H]OC([H])([H])C12C([H])(O[H])C([H])(O[H])C(O[H])(C1([H])O[H])C(O[H])(C(=O)OC([H])([H])[H])C1(O[H])C(=O)C3(O[H])C(=O)C(=O)C([H])(C([H])([H])[H])C4(O[H])S(=O)C5([H])C([H])(O[H])C4(C([H])([H])[H])C1(C([H])([H])[H])C3([H])C1([H])OC1(C([H])([H])[H])C52[H],True
64,1,1,64:1:1,-4.26514,[H]OC([H])([H])C12C([H])(O[H])C([H])(O[H])C(O[H])(C1([H])O[H])C(O[H])(C(=O)OC([H])([H])[H])C1(O[H])C(=O)C3(O[H])C(=O)C(=O)C([H])(C([H])([H])[H])C4(O[H])S(=O)C5([H])C([H])(O[H])C4(C([H])([H])[H])C1(C([H])([H])[H])C3([H])C1([H])OC1(C([H])([H])[H])C52[H],False
64,1,2,64:1:2,-3.59238,[H]OC([H])([H])C12C([H])(O[H])C([H])(O[H])C(O[H])(C1([H])O[H])C(O[H])(C(=O)OC([H])([H])[H])C1(O[H])C(=O)C3(O[H])C(=O)C(=O)C([H])(C([H])([H])[H])C4(O[H])S(=O)C5([H])C([H])(O[H])C4(C([H])([H])[H])C1(C([H])([H])[H])C3([H])C1([H])OC1(C([H])([H])[H])C52[H],False
64,2,0,64:2:0,-4.70012,[H]OC([H])([H])C12C([H])(O[H])C([H])(O[H])C(O[H])(C1([H])O[H])C(O[H])(C(=O)OC([H])([H])[H])C1(O[H])C(=O)C3(O[H])C(=O)C(=O)C([H])(C([H])([H])[H])C4(O[H])S(=O)C5([H])C([H])(O[H])C4(C([H])([H])[H])C1(C([H])([H])[H])C3([H])C1([H])OC1(C([H])([H])[H])C52[H],True
64,2,1,64:2:1,-4.41501,[H]OC([H])([H])C12C([H])(O[H])C([H])(O[H])C(O[H])(C1([H])O[H])C(O[H])(C(=O)OC([H])([H])[H])C1(O[H])C(=O)C3(O[H])C(=O)C(=O)C([H])(C([H])([H])[H])C4(O[H])S(=O)C5([H])C([H])(O[H])C4(C([H])([H])[H])C1(C([H])([H])[H])C3([H])C1([H])OC1(C([H])([H])[H])C52[H],False
64,2,2,64:2:2,-4.37787,[H]OC([H])([H])C12C([H])(O[H])C([H])(O[H])C(O[H])(C1([H])O[H])C(O[H])(C(=O)OC([H])([H])[H])C1(O[H])C(=O)C3(O[H])C(=O)C(=O)C([H])(C([H])([H])[H])C4(O[H])S(=O)C5([H])C([H])(O[H])C4(C([H])([H])[H])C1(C([H])([H])[H])C3([H])C1([H])OC1(C([H])([H])[H])C52[H],False
64,3,0,64:3:0,-5.74018,[H]OC([H])([H])C12C([H])(O[H])C([H])(O[H])C(O[H])(C1([H])O[H])C(O[H])(C(=O)OC([H])([H])[H])C1(O[H])C(=O)C3(O[H])C(=O)C(=O)C([H])(C([H])([H])[H])C4(O[H])S(=O)C5([H])C([H])(O[H])C4(C([H])([H])[H])C1(C([H])([H])[H])C3([H])C1([H])OC1(C([H])([H])[H])C52[H],True
64,3,1,64:3:1,-5.54537,[H]OC([H])([H])C12C([H])(O[H])C([H])(O[H])C(O[H])(C1([H])O[H])C(O[H])(C(=O)OC([H])([H])[H])C1(O[H])C(=O)C3(O[H])C(=O)C(=O)C([H])(C([H])([H])[H])C4(O[H])S(=O)C5([H])C([H])(O[H])C4(C([H])([H])[H])C1(C([H])([H])[H])C3([H])C1([H])OC1(C([H])([H])[H])C52[H],False
64,3,2,64:3:2,-5.16324,[H]OC([H])([H])C12C([H])(O[H])C([H])(O[H])C(O[H])(C1([H])O[H])C(O[H])(C(=O)OC([H])([H])[H])C1(O[H])C(=O)C3(O[H])C(=O)C(=O)C([H])(C([H])([H])[H])C4(O[H])S(=O)C5([H])C([H])(O[H])C4(C([H])([H])[H])C1(C([H])([H])[H])C3([H])C1([H])OC1(C([H])([H])[H])C52[H],False
64,4,0,64:4:0,-4.03989,[H]OC([H])([H])C12C([H])(O[H])C([H])(O[H])C(O[H])(C1([H])O[H])C(O[H])(C(=O)OC([H])([H])[H])C1(O[H])C(=O)C3(O[H])C(=O)C(=O)C([H])(C([H])([H])[H])C4(O[H])S(=O)C5([H])C([H])(O[H])C4(C([H])([H])[H])C1(C([H])([H])[H])C3([H])C1([H])OC1(C([H])([H])[H])C52[H],True
64,4,1,64:4:1,-3.87503,[H]OC([H])([H])C12C([H])(O[H])C([H])(O[H])C(O[H])(C1([H])O[H])C(O[H])(C(=O)OC([H])([H])[H])C1(O[H])C(=O)C3(O[H])C(=O)C(=O)C([H])(C([H])([H])[H])C4(O[H])S(=O)C5([H])C([H])(O[H])C4(C([H])([H])[H])C1(C([H])([H])[H])C3([H])C1([H])OC1(C([H])([H])[H])C52[H],False
64,4,2,64:4:2,-3.52147,[H]OC([H])([H])C12C([H])(O[H])C([H])(O[H])C(O[H])(C1([H])O[H])C(O[H])(C(=O)OC([H])([H])[H])C1(O[H])C(=O)C3(O[H])C(=O)C(=O)C([H])(C([H])([H])[H])C4(O[H])S(=O)C5([H])C([H])(O[H])C4(C([H])([H])[H])C1(C([H])([H])[H])C3([H])C1([H])OC1(C([H])([H])[H])C52[H],False
64,5,0,64:5:0,-4.79731,[H]OC([H])([H])C12C([H])(O[H])C([H])(O[H])C(O[H])(C1([H])O[H])C(O[H])(C(=O)OC([H])([H])[H])C1(O[H])C(=O)C3(O[H])C(=O)C(=O)C([H])(C([H])([H])[H])C4(O[H])S(=O)C5([H])C([H])(O[H])C4(C([H])([H])[H])C1(C([H])([H])[H])C3([H])C1([H])OC1(C([H])([H])[H])C52[H],True
64,5,1,64:5:1,-4.77525,[H]OC([H])([H])C12C([H])(O[H])C([H])(O[H])C(O[H])(C1([H])O[H])C(O[H])(C(=O)OC([H])([H])[H])C1(O[H])C(=O)C3(O[H])C(=O)C(=O)C([H])(C([H])([H])[H])C4(O[H])S(=O)C5([H])C([H])(O[H])C4(C([H])([H])[H])C1(C([H])([H])[H])C3([H])C1([H])OC1(C([H])([H])[H])C52[H],False
64,5,2,64:5:2,-4.29423,[H]OC([H])([H])C12C([H])(O[H])C([H])(O[H])C(O[H])(C1([H])O[H])C(O[H])(C(=O)OC([H])([H])[H])C1(O[H])C(=O)C3(O[H])C(=O)C(=O)C([H])(C([H])([H])[H])C4(O[H])S(=O)C5([H])C([H])(O[H])C4(C([H])([H])[H])C1(C([H])([H])[H])C3([H])C1([H])OC1(C([H])([H])[H])C52[H],False
64,6,0,64:6:0,-3.59757,[H]OC([H])([H])C12C([H])(O[H])C([H])(O[H])C(O[H])(C1([H])O[H])C(O[H])(C(=O)OC([H])([H])[H])C1(O[H])C(=O)C3(O[H])C(=O)C(=O)C([H])(C([H])([H])[H])C4(O[H])S(=O)C5([H])C([H])(O[H])C4(C([H])([H])[H])C1(C([H])([H])[H])C3([H])C1([H])OC1(C([H])([H])[H])C52[H],True
64,6,1,64:6:1,-3.57518,[H]OC([H])([H])C12C([H])(O[H])C([H])(O[H])C(O[H])(C1([H])O[H])C(O[H])(C(=O)OC([H])([H])[H])C1(O[H])C(=O)C3(O[H])C(=O)C(=O)C([H])(C([H])([H])[H])C4(O[H])S(=O)C5([H])C([H])(O[H])C4(C([H])([H])[H])C1(C([H])([H])[H])C3([H])C1([H])OC1(C([H])([H])[H])C52[H],False
64,6,2,64:6:2,-3.26162,[H]OC([H])([H])C12C([H])(O[H])C([H])(O[H])C(O[H])(C1([H])O[H])C(O[H])(C(=O)OC([H])([H])[H])C1(O[H])C(=O)C3(O[H])C(=O)C(=O)C([H])(C([H])([H])[H])C4(O[H])S(=O)C5([H])C([H])(O[H])C4(C([H])([H])[H])C1(C([H])([H])[H])C3([H])C1([H])OC1(C([H])([H])[H])C52[H],False
68,0,0,68:0:0,-3.12508,[H]OC([H])(C([H])([H])[H])C([H])(OC(=O)C([H])([H])[H])C1([H])C([H])([H])C(=O)C2(C([H])([H])[H])C([H])(C3([H])C4(C([H])([H])[H])OC([H])([H])C(C([H])(O[H])C4([H])O[H])(C4([H])S(=O)C5([H])C6(C([H])([H])[H])C(=C([H])[H])C7([H])C(=O)C(O[H])(C([H])([H])[H])C(C([H])([H])[H])(C7([H])O[H])C6(C([H])([H])[H])C([H])([H])C53C3([H])OC(=O)C5(C([H])([H])C([H])(O[H])C5(O[H])C([H])(O[H])C4([H])[H])C3([H])O[H])C2(O[H])C([H])([H])[H])C1(O[H])C([H])([H])[H],True
68,0,1,68:0:1,-2.60949,[H]OC([H])(C([H])([H])[H])C([H])(OC(=O)C([H])([H])[H])C1([H])C([H])([H])C(=O)C2(C([H])([H])[H])C([H])(C3([H])C4(C([H])([H])[H])OC([H])([H])C(C([H])(O[H])C4([H])O[H])(C4([H])S(=O)C5([H])C6(C([H])([H])[H])C(=C([H])[H])C7([H])C(=O)C(O[H])(C([H])([H])[H])C(C([H])([H])[H])(C7([H])O[H])C6(C([H])([H])[H])C([H])([H])C53C3([H])OC(=O)C5(C([H])([H])C([H])(O[H])C5(O[H])C([H])(O[H])C4([H])[H])C3([H])O[H])C2(O[H])C([H])([H])[H])C1(O[H])C([H])([H])[H],False
68,1,0,68:1:0,-5.5111,[H]OC([H])(C([H])([H])[H])C([H])(OC(=O)C([H])([H])[H])C1([H])C([H])([H])C(=O)C2(C([H])([H])[H])C([H])(C3([H])C4(C([H])([H])[H])OC([H])([H])C(C([H])(O[H])C4([H])O[H])(C4([H])S(=O)C5([H])C6(C([H])([H])[H])C(=C([H])[H])C7([H])C(=O)C(O[H])(C([H])([H])[H])C(C([H])([H])[H])(C7([H])O[H])C6(C([H])([H])[H])C([H])([H])C53C3([H])OC(=O)C5(C([H])([H])C([H])(O[H])C5(O[H])C([H])(O[H])C4([H])[H])C3([H])O[H])C2(O[H])C([H])([H])[H])C1(O[H])C([H])([H])[H],True
68,1,1,68:1:1,-5.33216,[H]OC([H])(C([H])([H])[H])C([H])(OC(=O)C([H])([H])[H])C1([H])C([H])([H])C(=O)C2(C([H])([H])[H])C([H])(C3([H])C4(C([H])([H])[H])OC([H])([H])C(C([H])(O[H])C4([H])O[H])(C4([H])S(=O)C5([H])C6(C([H])([H])[H])C(=C([H])[H])C7([H])C(=O)C(O[H])(C([H])([H])[H])C(C([H])([H])[H])(C7([H])O[H])C6(C([H])([H])[H])C([H])([H])C53C3([H])OC(=O)C5(C([H])([H])C([H])(O[H])C5(O[H])C([H])(O[H])C4([H])[H])C3([H])O[H])C2(O[H])C([H])([H])[H])C1(O[H])C([H])([H])[H],False
68,1,2,68:1:2,-5.04927,[H]OC([H])(C([H])([H])[H])C([H])(OC(=O)C([H])([H])[H])C1([H])C([H])([H])C(=O)C2(C([H])([H])[H])C([H])(C3([H])C4(C([H])([H])[H])OC([H])([H])C(C([H])(O[H])C4([H])O[H])(C4([H])S(=O)C5([H])C6(C([H])([H])[H])C(=C([H])[H])C7([H])C(=O)C(O[H])(C([H])([H])[H])C(C([H])([H])[H])(C7([H])O[H])C6(C([H])([H])[H])C([H])([H])C53C3([H])OC(=O)C5(C([H])([H])C([H])(O[H])C5(O[H])C([H])(O[H])C4([H])[H])C3([H])O[H])C2(O[H])C([H])([H])[H])C1(O[H])C([H])([H])[H],False
68,2,0,68:2:0,-4.71163,[H]OC([H])(C([H])([H])[H])C([H])(OC(=O)C([H])([H])[H])C1([H])C([H])([H])C(=O)C2(C([H])([H])[H])C([H])(C3([H])C4(C([H])([H])[H])OC([H])([H])C(C([H])(O[H])C4([H])O[H])(C4([H])S(=O)C5([H])C6(C([H])([H])[H])C(=C([H])[H])C7([H])C(=O)C(O[H])(C([H])([H])[H])C(C([H])([H])[H])(C7([H])O[H])C6(C([H])([H])[H])C([H])([H])C53C3([H])OC(=O)C5(C([H])([H])C([H])(O[H])C5(O[H])C([H])(O[H])C4([H])[H])C3([H])O[H])C2(O[H])C([H])([H])[H])C1(O[H])C([H])([H])[H],True
68,2,1,68:2:1,-4.56539,[H]OC([H])(C([H])([H])[H])C([H])(OC(=O)C([H])([H])[H])C1([H])C([H])([H])C(=O)C2(C([H])([H])[H])C([H])(C3([H])C4(C([H])([H])[H])OC([H])([H])C(C([H])(O[H])C4([H])O[H])(C4([H])S(=O)C5([H])C6(C([H])([H])[H])C(=C([H])[H])C7([H])C(=O)C(O[H])(C([H])([H])[H])C(C([H])([H])[H])(C7([H])O[H])C6(C([H])([H])[H])C([H])([H])C53C3([H])OC(=O)C5(C([H])([H])C([H])(O[H])C5(O[H])C([H])(O[H])C4([H])[H])C3([H])O[H])C2(O[H])C([H])([H])[H])C1(O[H])C([H])([H])[H],False
68,2,2,68:2:2,-3.72112,[H]OC([H])(C([H])([H])[H])C([H])(OC(=O)C([H])([H])[H])C1([H])C([H])([H])C(=O)C2(C([H])([H])[H])C([H])(C3([H])C4(C([H])([H])[H])OC([H])([H])C(C([H])(O[H])C4([H])O[H])(C4([H])S(=O)C5([H])C6(C([H])([H])[H])C(=C([H])[H])C7([H])C(=O)C(O[H])(C([H])([H])[H])C(C([H])([H])[H])(C7([H])O[H])C6(C([H])([H])[H])C([H])([H])C53C3([H])OC(=O)C5(C([H])([H])C([H])(O[H])C5(O[H])C([H])(O[H])C4([H])[H])C3([H])O[H])C2(O[H])C([H])([H])[H])C1(O[H])C([H])([H])[H],False
70,0,0,70:0:0,-2.14356,[H]OC([H])([H])C1([H])OC2(OC3([H])C4([H])C([H])([H])OC([H])([H])C5(O[H])C(O[H])(C([H])([H])[H])C([H])([H])C([H])(C([H])=C(C([H])([H])[H])C([H])([H])[H])C6(OC6([H])[H])C5(O[H])C3(C(=O)C2(C([H])([H])[H])C([H])([H])[H])C([H])([H])C2([H])S(=O)OC3([H])OC5(C([H])([H])[H])OOC32C4([H])C([H])([H])C5([H])[H])C([H])(O[H])C([H])(O[H])C1([H])O[H],True
70,0,1,70:0:1,-1.99119,[H]OC([H])([H])C1([H])OC2(OC3([H])C4([H])C([H])([H])OC([H])([H])C5(O[H])C(O[H])(C([H])([H])[H])C([H])([H])C([H])(C([H])=C(C([H])([H])[H])C([H])([H])[H])C6(OC6([H])[H])C5(O[H])C3(C(=O)C2(C([H])([H])[H])C([H])([H])[H])C([H])([H])C2([H])S(=O)OC3([H])OC5(C([H])([H])[H])OOC32C4([H])C([H])([H])C5([H])[H])C([H])(O[H])C([H])(O[H])C1([H])O[H],False
72,0,0,72:0:0,-2.11186,[H]OC([H])(C([H])([H])[H])C(OC1([H])C2(O[H])C34OC5([H])C6(C7([H])C([H])([H])C([H])([H])C([H])(C([H])([H])[H])OC7([H])C7(OC(=O)C7([H])[H])C([H])(O[H])C(O[H])(C([H])([H])[H])C([H])(S(=O)C([H])([H])C3([H])O[H])C52C2(O[H])C([H])(O[H])C12C([H])([H])[H])C([H])(C(O[H])(C([H])([H])[H])C([H])([H])[H])C([H])([H])C([H])(O[H])C6(O[H])C([H])(O[H])C4([H])O[H])(C([H])([H])[H])C([H])([H])[H],True
75,0,0,75:0:0,-3.32868,[H]OC1([H])C([H])([H])C2([H])C3([H])OC3([H])C3(O[H])C([H])([H])C([H])(OC(=O)C4([H])C([H])([H])C4([H])[H])C4=C(C(=O)OC4([H])c4sc([H])c([H])c4[H])C4(O[H])C([H])([O-])S(=O)C(OC([H])([H])[H])(C([H])([H])C12OC(=O)C([H])([H])[H])C4([H])C31OC1([H])[H],True
75,0,1,75:0:1,-3.24485,[H]OC1([H])C([H])([H])C2([H])C3([H])OC3([H])C3(O[H])C([H])([H])C([H])(OC(=O)C4([H])C([H])([H])C4([H])[H])C4=C(C(=O)OC4([H])c4sc([H])c([H])c4[H])C4(O[H])C([H])([O-])S(=O)C(OC([H])([H])[H])(C([H])([H])C12OC(=O)C([H])([H])[H])C4([H])C31OC1([H])[H],False
75,0,2,75:0:2,-2.97874,[H]OC1([H])C([H])([H])C2([H])C3([H])OC3([H])C3(O[H])C([H])([H])C([H])(OC(=O)C4([H])C([H])([H])C4([H])[H])C4=C(C(=O)OC4([H])c4sc([H])c([H])c4[H])C4(O[H])C([H])([O-])S(=O)C(OC([H])([H])[H])(C([H])([H])C12OC(=O)C([H])([H])[H])C4([H])C31OC1([H])[H],False
75,1,0,75:1:0,-3.32363,[H]OC1([H])C([H])([H])C2([H])C3([H])OC3([H])C3(O[H])C([H])([H])C([H])(OC(=O)C4([H])C([H])([H])C4([H])[H])C4=C(C(=O)OC4([H])c4sc([H])c([H])c4[H])C4(O[H])C([H])([O-])S(=O)C(OC([H])([H])[H])(C([H])([H])C12OC(=O)C([H])([H])[H])C4([H])C31OC1([H])[H],True
75,1,1,75:1:1,-3.07763,[H]OC1([H])C([H])([H])C2([H])C3([H])OC3([H])C3(O[H])C([H])([H])C([H])(OC(=O)C4([H])C([H])([H])C4([H])[H])C4=C(C(=O)OC4([H])c4sc([H])c([H])c4[H])C4(O[H])C([H])([O-])S(=O)C(OC([H])([H])[H])(C([H])([H])C12OC(=O)C([H])([H])[H])C4([H])C31OC1([H])[H],False
75,1,2,75:1:2,-3.07266,[H]OC1([H])C([H])([H])C2([H])C3([H])OC3([H])C3(O[H])C([H])([H])C([H])(OC(=O)C4([H])C([H])([H])C4([H])[H])C4=C(C(=O)OC4([H])c4sc([H])c([H])c4[H])C4(O[H])C([H])([O-])S(=O)C(OC([H])([H])[H])(C([H])([H])C12OC(=O)C([H])([H])[H])C4([H])C31OC1([H])[H],False
75,2,0,75:2:0,-4.52131,[H]OC1([H])C([H])([H])C2([H])C3([H])OC3([H])C3(O[H])C([H])([H])C([H])(OC(=O)C4([H])C([H])([H])C4([H])[H])C4=C(C(=O)OC4([H])c4sc([H])c([H])c4[H])C4(O[H])C([H])([O-])S(=O)C(OC([H])([H])[H])(C([H])([H])C12OC(=O)C([H])([H])[H])C4([H])C31OC1([H])[H],True
75,2,1,75:2:1,-4.02136,[H]OC1([H])C([H])([H])C2([H])C3([H])OC3([H])C3(O[H])C([H])([H])C([H])(OC(=O)C4([H])C([H])([H])C4([H])[H])C4=C(C(=O)OC4([H])c4sc([H])c([H])c4[H])C4(O[H])C([H])([O-])S(=O)C(OC([H])([H])[H])(C([H])([H])C12OC(=O)C([H])([H])[H])C4([H])C31OC1([H])[H],False
75,2,2,75:2:2,-3.98464,[H]OC1([H])C([H])([H])C2([H])C3([H])OC3([H])C3(O[H])C([H])([H])C([H])(OC(=O)C4([H])C([H])([H])C4([H])[H])C4=C(C(=O)OC4([H])c4sc([H])c([H])c4[H])C4(O[H])C([H])([O-])S(=O)C(OC([H])([H])[H])(C([H])([H])C12OC(=O)C([H])([H])[H])C4([H])C31OC1([H])[H],False
75,3,0,75:3:0,-2.82524,[H]OC1([H])C([H])([H])C2([H])C3([H])OC3([H])C3(O[H])C([H])([H])C([H])(OC(=O)C4([H])C([H])([H])C4([H])[H])C4=C(C(=O)OC4([H])c4sc([H])c([H])c4[H])C4(O[H])C([H])([O-])S(=O)C(OC([H])([H])[H])(C([H])([H])C12OC(=O)C([H])([H])[H])C4([H])C31OC1([H])[H],True
75,3,1,75:3:1,-0.299369,[H]OC1([H])C([H])([H])C2([H])C3([H])OC3([H])C3(O[H])C([H])([H])C([H])(OC(=O)C4([H])C([H])([H])C4([H])[H])C4=C(C(=O)OC4([H])c4sc([H])c([H])c4[H])C4(O[H])C([H])([O-])S(=O)C(OC([H])([H])[H])(C([H])([H])C12OC(=O)C([H])([H])[H])C4([H])C31OC1([H])[H],False
75,3,2,75:3:2,1.59066,[H]OC1([H])C([H])([H])C2([H])C3([H])OC3([H])C3(O[H])C([H])([H])C([H])(OC(=O)C4([H])C([H])([H])C4([H])[H])C4=C(C(=O)OC4([H])c4sc([H])c([H])c4[H])C4(O[H])C([H])([O-])S(=O)C(OC([H])([H])[H])(C([H])([H])C12OC(=O)C([H])([H])[H])C4([H])C31OC1([H])[H],False
75,4,0,75:4:0,-3.26277,[H]OC1([H])S(=O)C2(OC([H])([H])[H])C([H])([H])C3(OC(=O)C([H])([H])[H])C([H])(O[H])C([H])([H])C3([H])C3([H])OC3([H])C3(O[H])C([H])([H])C([H])(OC(=O)C4([H])C([H])([H])C4([H])[H])C4=C(C(=O)OC4([H])c4sc([H])c([H])c4[H])C1(O[H])C2([H])C31OC1([H])[H],True
75,4,1,75:4:1,-3.18005,[H]OC1([H])S(=O)C2(OC([H])([H])[H])C([H])([H])C3(OC(=O)C([H])([H])[H])C([H])(O[H])C([H])([H])C3([H])C3([H])OC3([H])C3(O[H])C([H])([H])C([H])(OC(=O)C4([H])C([H])([H])C4([H])[H])C4=C(C(=O)OC4([H])c4sc([H])c([H])c4[H])C1(O[H])C2([H])C31OC1([H])[H],False
75,4,2,75:4:2,-2.80029,[H]OC1([H])S(=O)C2(OC([H])([H])[H])C([H])([H])C3(OC(=O)C([H])([H])[H])C([H])(O[H])C([H])([H])C3([H])C3([H])OC3([H])C3(O[H])C([H])([H])C([H])(OC(=O)C4([H])C([H])([H])C4([H])[H])C4=C(C(=O)OC4([H])c4sc([H])c([H])c4[H])C1(O[H])C2([H])C31OC1([H])[H],False
75,5,0,75:5:0,-2.89515,[H]OC1([H])S(=O)C2(OC([H])([H])[H])C([H])([H])C3(OC(=O)C([H])([H])[H])C([H])(O[H])C([H])([H])C3([H])C3([H])OC3([H])C3(O[H])C([H])([H])C([H])(OC(=O)C4([H])C([H])([H])C4([H])[H])C4=C(C(=O)OC4([H])c4sc([H])c([H])c4[H])C1(O[H])C2([H])C31OC1([H])[H],True
75,5,1,75:5:1,-2.46895,[H]OC1([H])S(=O)C2(OC([H])([H])[H])C([H])([H])C3(OC(=O)C([H])([H])[H])C([H])(O[H])C([H])([H])C3([H])C3([H])OC3([H])C3(O[H])C([H])([H])C([H])(OC(=O)C4([H])C([H])([H])C4([H])[H])C4=C(C(=O)OC4([H])c4sc([H])c([H])c4[H])C1(O[H])C2([H])C31OC1([H])[H],False
75,5,2,75:5:2,-2.31019,[H]OC1([H])S(=O)C2(OC([H])([H])[H])C([H])([H])C3(OC(=O)C([H])([H])[H])C([H])(O[H])C([H])([H])C3([H])C3([H])OC3([H])C3(O[H])C([H])([H])C([H])(OC(=O)C4([H])C([H])([H])C4([H])[H])C4=C(C(=O)OC4([H])c4sc([H])c([H])c4[H])C1(O[H])C2([H])C31OC1([H])[H],False
75,6,0,75:6:0,-3.44865,[H]OC1([H])S(=O)C2(OC([H])([H])[H])C([H])([H])C3(OC(=O)C([H])([H])[H])C([H])(O[H])C([H])([H])C3([H])C3([H])OC3([H])C3(O[H])C([H])([H])C([H])(OC(=O)C4([H])C([H])([H])C4([H])[H])C4=C(C(=O)OC4([H])c4sc([H])c([H])c4[H])C1(O[H])C2([H])C31OC1([H])[H],True
75,6,1,75:6:1,-3.26125,[H]OC1([H])S(=O)C2(OC([H])([H])[H])C([H])([H])C3(OC(=O)C([H])([H])[H])C([H])(O[H])C([H])([H])C3([H])C3([H])OC3([H])C3(O[H])C([H])([H])C([H])(OC(=O)C4([H])C([H])([H])C4([H])[H])C4=C(C(=O)OC4([H])c4sc([H])c([H])c4[H])C1(O[H])C2([H])C31OC1([H])[H],False
75,6,2,75:6:2,-3.24618,[H]OC1([H])S(=O)C2(OC([H])([H])[H])C([H])([H])C3(OC(=O)C([H])([H])[H])C([H])(O[H])C([H])([H])C3([H])C3([H])OC3([H])C3(O[H])C([H])([H])C([H])(OC(=O)C4([H])C([H])([H])C4([H])[H])C4=C(C(=O)OC4([H])c4sc([H])c([H])c4[H])C1(O[H])C2([H])C31OC1([H])[H],False
75,7,0,75:7:0,-3.46999,[H]OC1([H])S(=O)C2(OC([H])([H])[H])C([H])([H])C3(OC(=O)C([H])([H])[H])C([H])(O[H])C([H])([H])C3([H])C3([H])OC3([H])C3(O[H])C([H])([H])C([H])(OC(=O)C4([H])C([H])([H])C4([H])[H])C4=C(C(=O)OC4([H])c4sc([H])c([H])c4[H])C1(O[H])C2([H])C31OC1([H])[H],True
75,7,1,75:7:1,-3.20807,[H]OC1([H])S(=O)C2(OC([H])([H])[H])C([H])([H])C3(OC(=O)C([H])([H])[H])C([H])(O[H])C([H])([H])C3([H])C3([H])OC3([H])C3(O[H])C([H])([H])C([H])(OC(=O)C4([H])C([H])([H])C4([H])[H])C4=C(C(=O)OC4([H])c4sc([H])c([H])c4[H])C1(O[H])C2([H])C31OC1([H])[H],False
75,7,2,75:7:2,-2.92605,[H]OC1([H])S(=O)C2(OC([H])([H])[H])C([H])([H])C3(OC(=O)C([H])([H])[H])C([H])(O[H])C([H])([H])C3([H])C3([H])OC3([H])C3(O[H])C([H])([H])C([H])(OC(=O)C4([H])C([H])([H])C4([H])[H])C4=C(C(=O)OC4([H])c4sc([H])c([H])c4[H])C1(O[H])C2([H])C31OC1([H])[H],False
75,8,0,75:8:0,-3.11648,[H]OC1([H])S(=O)C2(OC([H])([H])[H])C([H])([H])C3(OC(=O)C([H])([H])[H])C([H])(O[H])C([H])([H])C3([H])C3([H])OC3([H])C3(O[H])C([H])([H])C([H])(OC(=O)C4([H])C([H])([H])C4([H])[H])C4=C(C(=O)OC4([H])c4sc([H])c([H])c4[H])C1([O-])C2([H])C31OC1([H])[H],True
75,8,1,75:8:1,-2.82107,[H]OC1([H])S(=O)C2(OC([H])([H])[H])C([H])([H])C3(OC(=O)C([H])([H])[H])C([H])(O[H])C([H])([H])C3([H])C3([H])OC3([H])C3(O[H])C([H])([H])C([H])(OC(=O)C4([H])C([H])([H])C4([H])[H])C4=C(C(=O)OC4([H])c4sc([H])c([H])c4[H])C1([O-])C2([H])C31OC1([H])[H],False
75,8,2,75:8:2,-2.80392,[H]OC1([H])S(=O)C2(OC([H])([H])[H])C([H])([H])C3(OC(=O)C([H])([H])[H])C([H])(O[H])C([H])([H])C3([H])C3([H])OC3([H])C3(O[H])C([H])([H])C([H])(OC(=O)C4([H])C([H])([H])C4([H])[H])C4=C(C(=O)OC4([H])c4sc([H])c([H])c4[H])C1([O-])C2([H])C31OC1([H])[H],False
75,9,0,75:9:0,-3.06997,[H]OC1([H])S(=O)C2(OC([H])([H])[H])C([H])([H])C3(OC(=O)C([H])([H])[H])C([H])(O[H])C([H])([H])C3([H])C3([H])OC3([H])C3(O[H])C([H])([H])C([H])(OC(=O)C4([H])C([H])([H])C4([H])[H])C4=C(C(=O)OC4([H])c4sc([H])c([H])c4[H])C1([O-])C2([H])C31OC1([H])[H],True
75,9,1,75:9:1,-2.91916,[H]OC1([H])S(=O)C2(OC([H])([H])[H])C([H])([H])C3(OC(=O)C([H])([H])[H])C([H])(O[H])C([H])([H])C3([H])C3([H])OC3([H])C3(O[H])C([H])([H])C([H])(OC(=O)C4([H])C([H])([H])C4([H])[H])C4=C(C(=O)OC4([H])c4sc([H])c([H])c4[H])C1([O-])C2([H])C31OC1([H])[H],False
75,9,2,75:9:2,-2.65395,[H]OC1([H])S(=O)C2(OC([H])([H])[H])C([H])([H])C3(OC(=O)C([H])([H])[H])C([H])(O[H])C([H])([H])C3([H])C3([H])OC3([H])C3(O[H])C([H])([H])C([H])(OC(=O)C4([H])C([H])([H])C4([H])[H])C4=C(C(=O)OC4([H])c4sc([H])c([H])c4[H])C1([O-])C2([H])C31OC1([H])[H],False
75,10,0,75:10:0,-3.02034,[H]OC1([H])S(=O)C2(OC([H])([H])[H])C([H])([H])C3(OC(=O)C([H])([H])[H])C([H])(O[H])C([H])([H])C3([H])C3([H])OC3([H])C3(O[H])C([H])([H])C([H])(OC(=O)C4([H])C([H])([H])C4([H])[H])C4=C(C(=O)OC4([H])c4sc([H])c([H])c4[H])C1([O-])C2([H])C31OC1([H])[H],True
75,10,1,75:10:1,-1.77009,[H]OC1([H])S(=O)C2(OC([H])([H])[H])C([H])([H])C3(OC(=O)C([H])([H])[H])C([H])(O[H])C([H])([H])C3([H])C3([H])OC3([H])C3(O[H])C([H])([H])C([H])(OC(=O)C4([H])C([H])([H])C4([H])[H])C4=C(C(=O)OC4([H])c4sc([H])c([H])c4[H])C1([O-])C2([H])C31OC1([H])[H],False
75,10,2,75:10:2,-1.74865,[H]OC1([H])S(=O)C2(OC([H])([H])[H])C([H])([H])C3(OC(=O)C([H])([H])[H])C([H])(O[H])C([H])([H])C3([H])C3([H])OC3([H])C3(O[H])C([H])([H])C([H])(OC(=O)C4([H])C([H])([H])C4([H])[H])C4=C(C(=O)OC4([H])c4sc([H])c([H])c4[H])C1([O-])C2([H])C31OC1([H])[H],False
75,11,0,75:11:0,-3.50496,[H]OC1([H])S(=O)C2(OC([H])([H])[H])C([H])([H])C3(OC(=O)C([H])([H])[H])C([H])(O[H])C([H])([H])C3([H])C3([H])OC3([H])C3(O[H])C([H])([H])C([H])(OC(=O)C4([H])C([H])([H])C4([H])[H])C4=C(C(=O)OC4([H])c4sc([H])c([H])c4[H])C1([O-])C2([H])C31OC1([H])[H],True
75,11,1,75:11:1,-3.0454,[H]OC1([H])S(=O)C2(OC([H])([H])[H])C([H])([H])C3(OC(=O)C([H])([H])[H])C([H])(O[H])C([H])([H])C3([H])C3([H])OC3([H])C3(O[H])C([H])([H])C([H])(OC(=O)C4([H])C([H])([H])C4([H])[H])C4=C(C(=O)OC4([H])c4sc([H])c([H])c4[H])C1([O-])C2([H])C31OC1([H])[H],False
75,11,2,75:11:2,-2.92465,[H]OC1([H])S(=O)C2(OC([H])([H])[H])C([H])([H])C3(OC(=O)C([H])([H])[H])C([H])(O[H])C([H])([H])C3([H])C3([H])OC3([H])C3(O[H])C([H])([H])C([H])(OC(=O)C4([H])C([H])([H])C4([H])[H])C4=C(C(=O)OC4([H])c4sc([H])c([H])c4[H])C1([O-])C2([H])C31OC1([H])[H],False
78,0,0,78:0:0,-2.48242,[H]OC12C(=O)C(C([H])([H])[H])(C([H])([H])[H])C([H])=C1C1([H])OC1(C([H])([H])[H])C1(O[H])C(=O)OC([H])(C([H])([H])[H])C13C1([H])OC1(C([H])(C([H])([H])[H])C([H])([H])[H])C(=C([H])[H])C3([H])C([H])([H])C1([H])S(=O)C3(C([H])([H])[H])C4([H])C1([H])C4([H])C1(O[H])C([H])([H])C([H])([H])C3(C([H])([H])[H])C3(O[H])C([H])=C([H])C(=O)C23C1([H])OC(=O)C([H])([H])[H],True
78,0,1,78:0:1,-2.41104,[H]OC12C(=O)C(C([H])([H])[H])(C([H])([H])[H])C([H])=C1C1([H])OC1(C([H])([H])[H])C1(O[H])C(=O)OC([H])(C([H])([H])[H])C13C1([H])OC1(C([H])(C([H])([H])[H])C([H])([H])[H])C(=C([H])[H])C3([H])C([H])([H])C1([H])S(=O)C3(C([H])([H])[H])C4([H])C1([H])C4([H])C1(O[H])C([H])([H])C([H])([H])C3(C([H])([H])[H])C3(O[H])C([H])=C([H])C(=O)C23C1([H])OC(=O)C([H])([H])[H],False
78,0,2,78:0:2,-2.3834,[H]OC12C(=O)C(C([H])([H])[H])(C([H])([H])[H])C([H])=C1C1([H])OC1(C([H])([H])[H])C1(O[H])C(=O)OC([H])(C([H])([H])[H])C13C1([H])OC1(C([H])(C([H])([H])[H])C([H])([H])[H])C(=C([H])[H])C3([H])C([H])([H])C1([H])S(=O)C3(C([H])([H])[H])C4([H])C1([H])C4([H])C1(O[H])C([H])([H])C([H])([H])C3(C([H])([H])[H])C3(O[H])C([H])=C([H])C(=O)C23C1([H])OC(=O)C([H])([H])[H],False
79,0,0,79:0:0,-1.95927,[H]OC([H])([H])C12OC(C([H])([H])[H])(C([H])([H])C13OC3(C([H])([H])[H])C([H])([H])[H])C1([H])S(=O)C3([H])C([H])(O[H])C4(O[H])C(O[H])(C(O[H])(C([H])([H])[H])C([H])([H])[H])C3([H])C3(C(=O)OC(C([H])([H])[H])=C([H])C3([H])[H])C([H])(O[H])C(O[H])(C3([H])C5([H])OC53C([H])(C([H])([H])[H])C3(C(=C([H])[H])C([H])([H])[H])OC5(C([H])([H])OC3(O[H])C3(C([H])([H])[H])OC3([H])C3([H])C5([H])C([H])([H])OC3(C([H])([H])[H])C([H])([H])[H])C1([H])[H])C24O[H],True
80,0,0,80:0:0,-2.91976,[H]OC1([H])OC(C([H])([H])[H])=C([H])C1([H])C12OC3(C([H])([H])[H])S(=O)C4([H])C([H])([H])OC5(O[H])C([H])(OC([H])([H])C5(O[H])C([H])([H])[H])C56C(=NOC([H])([H])C(=O)C([H])([H])C([H])([H])[H])C([H])([H])C([H])([H])C(C([H])([H])[H])(C([H])([H])[H])C5([H])C([H])(O[H])C([H])(O[H])C4(C4([H])OC([H])(C1([H])O[H])C(O[H])(OC2([H])[H])C4([H])O[H])C3(O[H])C6([H])O[H],True
80,0,1,80:0:1,-2.86871,[H]OC1([H])OC(C([H])([H])[H])=C([H])C1([H])C12OC3(C([H])([H])[H])S(=O)C4([H])C([H])([H])OC5(O[H])C([H])(OC([H])([H])C5(O[H])C([H])([H])[H])C56C(=NOC([H])([H])C(=O)C([H])([H])C([H])([H])[H])C([H])([H])C([H])([H])C(C([H])([H])[H])(C([H])([H])[H])C5([H])C([H])(O[H])C([H])(O[H])C4(C4([H])OC([H])(C1([H])O[H])C(O[H])(OC2([H])[H])C4([H])O[H])C3(O[H])C6([H])O[H],False
80,0,2,80:0:2,-2.5733,[H]OC1([H])OC(C([H])([H])[H])=C([H])C1([H])C12OC3(C([H])([H])[H])S(=O)C4([H])C([H])([H])OC5(O[H])C([H])(OC([H])([H])C5(O[H])C([H])([H])[H])C56C(=NOC([H])([H])C(=O)C([H])([H])C([H])([H])[H])C([H])([H])C([H])([H])C(C([H])([H])[H])(C([H])([H])[H])C5([H])C([H])(O[H])C([H])(O[H])C4(C4([H])OC([H])(C1([H])O[H])C(O[H])(OC2([H])[H])C4([H])O[H])C3(O[H])C6([H])O[H],False
80,1,0,80:1:0,-4.06103,[H]OC1([H])OC(C([H])([H])[H])=C([H])C1([H])C12OC3(C([H])([H])[H])S(=O)C4([H])C([H])([H])OC5(O[H])C([H])(OC([H])([H])C5(O[H])C([H])([H])[H])C56C(=NOC([H])([H])C(=O)C([H])([H])C([H])([H])[H])C([H])([H])C([H])([H])C(C([H])([H])[H])(C([H])([H])[H])C5([H])C([H])(O[H])C([H])(O[H])C4(C4([H])OC([H])(C1([H])O[H])C(O[H])(OC2([H])[H])C4([H])O[H])C3(O[H])C6([H])O[H],True
80,1,1,80:1:1,-3.87835,[H]OC1([H])OC(C([H])([H])[H])=C([H])C1([H])C12OC3(C([H])([H])[H])S(=O)C4([H])C([H])([H])OC5(O[H])C([H])(OC([H])([H])C5(O[H])C([H])([H])[H])C56C(=NOC([H])([H])C(=O)C([H])([H])C([H])([H])[H])C([H])([H])C([H])([H])C(C([H])([H])[H])(C([H])([H])[H])C5([H])C([H])(O[H])C([H])(O[H])C4(C4([H])OC([H])(C1([H])O[H])C(O[H])(OC2([H])[H])C4([H])O[H])C3(O[H])C6([H])O[H],False
80,1,2,80:1:2,-3.87466,[H]OC1([H])OC(C([H])([H])[H])=C([H])C1([H])C12OC3(C([H])([H])[H])S(=O)C4([H])C([H])([H])OC5(O[H])C([H])(OC([H])([H])C5(O[H])C([H])([H])[H])C56C(=NOC([H])([H])C(=O)C([H])([H])C([H])([H])[H])C([H])([H])C([H])([H])C(C([H])([H])[H])(C([H])([H])[H])C5([H])C([H])(O[H])C([H])(O[H])C4(C4([H])OC([H])(C1([H])O[H])C(O[H])(OC2([H])[H])C4([H])O[H])C3(O[H])C6([H])O[H],False
81,0,0,81:0:0,-4.37111,[H]C(=C([H])C1([H])OC(C([H])([H])[H])=C([H])C([H])([H])S1=O)C([H])([H])[H],True
81,0,1,81:0:1,-2.7684,[H]C(=C([H])C1([H])OC(C([H])([H])[H])=C([H])C([H])([H])S1=O)C([H])([H])[H],False
81,0,2,81:0:2,-2.30876,[H]C(=C([H])C1([H])OC(C([H])([H])[H])=C([H])C([H])([H])S1=O)C([H])([H])[H],False
81,1,0,81:1:0,-5.4235,[H]C(=C([H])C1([H])OC(C([H])([H])[H])=C([H])C([H])([H])S1=O)C([H])([H])[H],True
81,1,1,81:1:1,-5.09947,[H]C(=C([H])C1([H])OC(C([H])([H])[H])=C([H])C([H])([H])S1=O)C([H])([H])[H],False
81,1,2,81:1:2,-4.21055,[H]C(=C([H])C1([H])OC(C([H])([H])[H])=C([H])C([H])([H])S1=O)C([H])([H])[H],False
82,0,0,82:0:0,-3.62461,[H]OC12OC3([H])S(=O)C([H])([H])C4(C([H])([H])[H])C([H])(O[H])C([H])(O[H])C35C3(C([H])([H])C([H])([H])[N+]5([H])C([H])([H])[H])C5(C([H])([H])C([H])(C([H])([H])[H])OC(O[H])(C([H])([H])[H])C5([H])[H])C([H])([H])C([H])(O[H])C43C1([H])C(C(=O)OC([H])([H])[H])(C([H])([H])C([H])([H])C([H])=C(C([H])([H])[H])C([H])([H])[H])C2=O,True
82,0,1,82:0:1,-3.59302,[H]OC12OC3([H])S(=O)C([H])([H])C4(C([H])([H])[H])C([H])(O[H])C([H])(O[H])C35C3(C([H])([H])C([H])([H])[N+]5([H])C([H])([H])[H])C5(C([H])([H])C([H])(C([H])([H])[H])OC(O[H])(C([H])([H])[H])C5([H])[H])C([H])([H])C([H])(O[H])C43C1([H])C(C(=O)OC([H])([H])[H])(C([H])([H])C([H])([H])C([H])=C(C([H])([H])[H])C([H])([H])[H])C2=O,False
82,0,2,82:0:2,-3.43213,[H]OC12OC3([H])S(=O)C([H])([H])C4(C([H])([H])[H])C([H])(O[H])C([H])(O[H])C35C3(C([H])([H])C([H])([H])[N+]5([H])C([H])([H])[H])C5(C([H])([H])C([H])(C([H])([H])[H])OC(O[H])(C([H])([H])[H])C5([H])[H])C([H])([H])C([H])(O[H])C43C1([H])C(C(=O)OC([H])([H])[H])(C([H])([H])C([H])([H])C([H])=C(C([H])([H])[H])C([H])([H])[H])C2=O,False
82,1,0,82:1:0,-3.31436,[H]OC12OC3([H])S(=O)C([H])([H])C4(C([H])([H])[H])C([H])(O[H])C([H])(O[H])C35N(C([H])([H])[H])C([H])([H])C([H])([H])C53C5(C([H])([H])C([H])(C([H])([H])[H])OC(O[H])(C([H])([H])[H])C5([H])[H])C([H])([H])C([H])(O[H])C43C1([H])C(C(=O)OC([H])([H])[H])(C([H])([H])C([H])([H])C([H])=C(C([H])([H])[H])C([H])([H])[H])C2=O,True
82,1,1,82:1:1,-3.29639,[H]OC12OC3([H])S(=O)C([H])([H])C4(C([H])([H])[H])C([H])(O[H])C([H])(O[H])C35N(C([H])([H])[H])C([H])([H])C([H])([H])C53C5(C([H])([H])C([H])(C([H])([H])[H])OC(O[H])(C([H])([H])[H])C5([H])[H])C([H])([H])C([H])(O[H])C43C1([H])C(C(=O)OC([H])([H])[H])(C([H])([H])C([H])([H])C([H])=C(C([H])([H])[H])C([H])([H])[H])C2=O,False
82,1,2,82:1:2,-3.21294,[H]OC12OC3([H])S(=O)C([H])([H])C4(C([H])([H])[H])C([H])(O[H])C([H])(O[H])C35N(C([H])([H])[H])C([H])([H])C([H])([H])C53C5(C([H])([H])C([H])(C([H])([H])[H])OC(O[H])(C([H])([H])[H])C5([H])[H])C([H])([H])C([H])(O[H])C43C1([H])C(C(=O)OC([H])([H])[H])(C([H])([H])C([H])([H])C([H])=C(C([H])([H])[H])C([H])([H])[H])C2=O,False
83,1,0,83:1:0,-2.40542,[H]OC1([H])C2(O[H])C3([H])OC3(C([H])([H])[H])C3([H])S(=O)OC4(C([H])([H])[H])C(=O)C([H])([H])C([H])([H])C([H])(O[H])C4(C4([H])C5(O[H])C([H])([H])C([H])(OC([H])([H])[H])OC6(O[H])C3(C5([H])[H])C([H])([H])C3(C([H])([H])[H])OC(C([H])([H])[H])(C([H])([H])[H])C([H])(OC(=O)C([H])([H])[H])C([H])(OC(=O)C([H])([H])[H])C3(O[H])C64C([H])([H])[H])C2(OC(=O)C([H])([H])[H])C1(O[H])C([H])(C([H])([H])[H])C([H])([H])[H],True
84,0,0,84:0:0,-3.51325,[H]OC1([H])C([H])(O[H])C2(C([H])([H])[H])OC([H])([H])C13OC1(C([H])([H])[H])C([H])(O[H])C4(O[H])S(=O)C3([H])C3(O[H])OC([H])([H])C([H])([H])C(C([H])([H])[H])(C(=C([H])[H])C([H])([H])C3(OC(=O)C([H])([H])[H])C4([H])OC(=O)C([H])([H])[H])C([H])(O[H])C21O[H],True
84,0,1,84:0:1,-3.49882,[H]OC1([H])C([H])(O[H])C2(C([H])([H])[H])OC([H])([H])C13OC1(C([H])([H])[H])C([H])(O[H])C4(O[H])S(=O)C3([H])C3(O[H])OC([H])([H])C([H])([H])C(C([H])([H])[H])(C(=C([H])[H])C([H])([H])C3(OC(=O)C([H])([H])[H])C4([H])OC(=O)C([H])([H])[H])C([H])(O[H])C21O[H],False
84,0,2,84:0:2,-3.39102,[H]OC1([H])C([H])(O[H])C2(C([H])([H])[H])OC([H])([H])C13OC1(C([H])([H])[H])C([H])(O[H])C4(O[H])S(=O)C3([H])C3(O[H])OC([H])([H])C([H])([H])C(C([H])([H])[H])(C(=C([H])[H])C([H])([H])C3(OC(=O)C([H])([H])[H])C4([H])OC(=O)C([H])([H])[H])C([H])(O[H])C21O[H],False
89,0,0,89:0:0,-3.65223,[H]OC12C(=O)C3([H])C(=O)OC4([H])C([H])([H])S(=O)C4([H])C3(C(=C([O-])C([H])([H])[H])C(=O)C3(OC([H])([H])[H])C([H])(OC(=O)C([H])([H])[H])C([H])(OC(=O)C([H])([H])[H])C4(C([H])([H])[H])C([H])(C([H])(C([H])([H])[H])C([H])([H])C([H])([H])C(=O)[O-])C([H])([H])C([H])([H])C4([H])C31[H])C2(O[H])C(=O)OC([H])([H])[H],True
89,0,1,89:0:1,-3.52363,[H]OC12C(=O)C3([H])C(=O)OC4([H])C([H])([H])S(=O)C4([H])C3(C(=C([O-])C([H])([H])[H])C(=O)C3(OC([H])([H])[H])C([H])(OC(=O)C([H])([H])[H])C([H])(OC(=O)C([H])([H])[H])C4(C([H])([H])[H])C([H])(C([H])(C([H])([H])[H])C([H])([H])C([H])([H])C(=O)[O-])C([H])([H])C([H])([H])C4([H])C31[H])C2(O[H])C(=O)OC([H])([H])[H],False
89,0,2,89:0:2,-3.45768,[H]OC12C(=O)C3([H])C(=O)OC4([H])C([H])([H])S(=O)C4([H])C3(C(=C([O-])C([H])([H])[H])C(=O)C3(OC([H])([H])[H])C([H])(OC(=O)C([H])([H])[H])C([H])(OC(=O)C([H])([H])[H])C4(C([H])([H])[H])C([H])(C([H])(C([H])([H])[H])C([H])([H])C([H])([H])C(=O)[O-])C([H])([H])C([H])([H])C4([H])C31[H])C2(O[H])C(=O)OC([H])([H])[H],False
95,0,0,95:0:0,-1.32754,[H]OC1([H])C([H])(C([H])([H])OC([H])([H])[H])OC2(C([H])(C([H])([H])[H])[N+]([H])(C([H])([H])[H])C([H])([H])[H])C([H])([H])C3([H])S(=O)C(C([H])([H])[H])(C4([H])C([H])([H])C([H])([H])C5(C([H])([H])[H])C([H])(OC6([H])OC(C([H])([H])[H])(C([H])([H])[H])OC65C([H])([H])[H])C4([H])C12[H])C1([H])C(C([H])([H])[H])(C([H])([H])[H])OC2([H])C([H])([H])C34C([H])([H])C([H])([H])C2(C([H])([H])[H])C1(O[H])C4([H])[H],True
102,0,0,102:0:0,-2.28108,[H]OC12OC3([H])OC4([H])C5([H])OC3([H])OC3([H])OC(C([H])([H])[H])(C([H])([H])[H])OC36C([H])([H])C([H])([H])C4([H])OC3(C([H])([H])C(O[H])(C([H])([H])[H])C([H])([H])[H])C([H])(O1)OC3([H])C([H])(O[H])C([H])([H])C([H])(C([H])([H])C2([H])[H])C1(O[H])C([H])([H])OC5(O[H])S(=O)C61C([H])([H])[H],True
102,0,1,102:0:1,-1.9729,[H]OC12OC3([H])OC4([H])C5([H])OC3([H])OC3([H])OC(C([H])([H])[H])(C([H])([H])[H])OC36C([H])([H])C([H])([H])C4([H])OC3(C([H])([H])C(O[H])(C([H])([H])[H])C([H])([H])[H])C([H])(O1)OC3([H])C([H])(O[H])C([H])([H])C([H])(C([H])([H])C2([H])[H])C1(O[H])C([H])([H])OC5(O[H])S(=O)C61C([H])([H])[H],False
102,0,2,102:0:2,-1.69867,[H]OC12OC3([H])OC4([H])C5([H])OC3([H])OC3([H])OC(C([H])([H])[H])(C([H])([H])[H])OC36C([H])([H])C([H])([H])C4([H])OC3(C([H])([H])C(O[H])(C([H])([H])[H])C([H])([H])[H])C([H])(O1)OC3([H])C([H])(O[H])C([H])([H])C([H])(C([H])([H])C2([H])[H])C1(O[H])C([H])([H])OC5(O[H])S(=O)C61C([H])([H])[H],False
