ligand_number,enumeration,conformer_number,name,score,smiles,lowest_conformer
4,0,0,4:0:0,-2.87984,[H]OC([H])([H])C12C([H])(C(=O)C([H])([H])C([H])([H])C([H])=C(C([H])([H])[H])C([H])([H])[H])C(=O)C1(C([H])([H])[H])C1([H])S(=O)C3([H])C4(O[H])C([H])(O[H])OC5([H])OC(C([H])([H])[H])(C([H])(O[H])C([H])(O[H])C534)C13C1([H])C(=C([H])[H])C(=C([H])[H])C([H])([H])C2([H])C1(O[H])C([H])(O[H])C1([H])C([H])([H])C([H])([H])C3(C([H])([H])[H])C1(C([H])([H])[H])C([H])([H])[H],True
4,0,1,4:0:1,-1.01845,[H]OC([H])([H])C12C([H])(C(=O)C([H])([H])C([H])([H])C([H])=C(C([H])([H])[H])C([H])([H])[H])C(=O)C1(C([H])([H])[H])C1([H])S(=O)C3([H])C4(O[H])C([H])(O[H])OC5([H])OC(C([H])([H])[H])(C([H])(O[H])C([H])(O[H])C534)C13C1([H])C(=C([H])[H])C(=C([H])[H])C([H])([H])C2([H])C1(O[H])C([H])(O[H])C1([H])C([H])([H])C([H])([H])C3(C([H])([H])[H])C1(C([H])([H])[H])C([H])([H])[H],False
4,0,2,4:0:2,-0.582847,[H]OC([H])([H])C12C([H])(C(=O)C([H])([H])C([H])([H])C([H])=C(C([H])([H])[H])C([H])([H])[H])C(=O)C1(C([H])([H])[H])C1([H])S(=O)C3([H])C4(O[H])C([H])(O[H])OC5([H])OC(C([H])([H])[H])(C([H])(O[H])C([H])(O[H])C534)C13C1([H])C(=C([H])[H])C(=C([H])[H])C([H])([H])C2([H])C1(O[H])C([H])(O[H])C1([H])C([H])([H])C([H])([H])C3(C([H])([H])[H])C1(C([H])([H])[H])C([H])([H])[H],False
4,1,0,4:1:0,-3.70304,[H]OC([H])([H])C12C([H])(C(=O)C([H])([H])C([H])([H])C([H])=C(C([H])([H])[H])C([H])([H])[H])C(=O)C1(C([H])([H])[H])C1([H])S(=O)C3([H])C4(O[H])C([H])(O[H])OC5([H])OC(C([H])([H])[H])(C([H])(O[H])C([H])(O[H])C534)C13C1([H])C(=C([H])[H])C(=C([H])[H])C([H])([H])C2([H])C1(O[H])C([H])(O[H])C1([H])C([H])([H])C([H])([H])C3(C([H])([H])[H])C1(C([H])([H])[H])C([H])([H])[H],True
4,1,1,4:1:1,-3.64804,[H]OC([H])([H])C12C([H])(C(=O)C([H])([H])C([H])([H])C([H])=C(C([H])([H])[H])C([H])([H])[H])C(=O)C1(C([H])([H])[H])C1([H])S(=O)C3([H])C4(O[H])C([H])(O[H])OC5([H])OC(C([H])([H])[H])(C([H])(O[H])C([H])(O[H])C534)C13C1([H])C(=C([H])[H])C(=C([H])[H])C([H])([H])C2([H])C1(O[H])C([H])(O[H])C1([H])C([H])([H])C([H])([H])C3(C([H])([H])[H])C1(C([H])([H])[H])C([H])([H])[H],False
4,1,2,4:1:2,-3.26756,[H]OC([H])([H])C12C([H])(C(=O)C([H])([H])C([H])([H])C([H])=C(C([H])([H])[H])C([H])([H])[H])C(=O)C1(C([H])([H])[H])C1([H])S(=O)C3([H])C4(O[H])C([H])(O[H])OC5([H])OC(C([H])([H])[H])(C([H])(O[H])C([H])(O[H])C534)C13C1([H])C(=C([H])[H])C(=C([H])[H])C([H])([H])C2([H])C1(O[H])C([H])(O[H])C1([H])C([H])([H])C([H])([H])C3(C([H])([H])[H])C1(C([H])([H])[H])C([H])([H])[H],False
7,0,0,7:0:0,-5.13843,[H]OC1([H])C(=C([H])[H])C([H])([N+]2([H])C([H])([H])C([H])(O[H])C2([H])[H])C([H])([H])C1(F)C([H])([H])N([H])C(=O)C1([H])S(=O)S(=O)SC1([H])[H],True
7,0,1,7:0:1,-5.10201,[H]OC1([H])C(=C([H])[H])C([H])([N+]2([H])C([H])([H])C([H])(O[H])C2([H])[H])C([H])([H])C1(F)C([H])([H])N([H])C(=O)C1([H])S(=O)S(=O)SC1([H])[H],False
7,0,2,7:0:2,-4.46236,[H]OC1([H])C(=C([H])[H])C([H])([N+]2([H])C([H])([H])C([H])(O[H])C2([H])[H])C([H])([H])C1(F)C([H])([H])N([H])C(=O)C1([H])S(=O)S(=O)SC1([H])[H],False
7,1,0,7:1:0,-3.97049,[H]OC1([H])C(=C([H])[H])C([H])(N2C([H])([H])C([H])(O[H])C2([H])[H])C([H])([H])C1(F)C([H])([H])N([H])C(=O)C1([H])S(=O)S(=O)SC1([H])[H],True
7,1,1,7:1:1,-3.88356,[H]OC1([H])C(=C([H])[H])C([H])(N2C([H])([H])C([H])(O[H])C2([H])[H])C([H])([H])C1(F)C([H])([H])N([H])C(=O)C1([H])S(=O)S(=O)SC1([H])[H],False
7,1,2,7:1:2,-3.87054,[H]OC1([H])C(=C([H])[H])C([H])(N2C([H])([H])C([H])(O[H])C2([H])[H])C([H])([H])C1(F)C([H])([H])N([H])C(=O)C1([H])S(=O)S(=O)SC1([H])[H],False
7,2,0,7:2:0,-4.34616,[H]OC1([H])C([H])([H])[N+]([H])(C2([H])C(=C([H])[H])C([H])([O-])C(F)(C([H])([H])N([H])C(=O)C3([H])S(=O)S(=O)SC3([H])[H])C2([H])[H])C1([H])[H],True
7,2,1,7:2:1,-4.19596,[H]OC1([H])C([H])([H])[N+]([H])(C2([H])C(=C([H])[H])C([H])([O-])C(F)(C([H])([H])N([H])C(=O)C3([H])S(=O)S(=O)SC3([H])[H])C2([H])[H])C1([H])[H],False
7,2,2,7:2:2,-4.05871,[H]OC1([H])C([H])([H])[N+]([H])(C2([H])C(=C([H])[H])C([H])([O-])C(F)(C([H])([H])N([H])C(=O)C3([H])S(=O)S(=O)SC3([H])[H])C2([H])[H])C1([H])[H],False
14,1,0,14:1:0,-1.47107,[H]OC([H])([H])C1([H])C(=O)C([H])([H])C([H])([H])C2(C([H])([H])[H])C(O[H])(C([H])([H])C(=O)[O-])OC13C1([H])S(=O)C(O[H])(C([H])(O[H])C4([H])C([H])(C(=O)C5(C([H])([H])[H])OC4(C([H])([H])[H])C5([H])[H])C4([H])C(O[H])(C5(O[H])OC([H])([H])C([H])(C([H])([H])[H])C5([H])[H])C5(OC(=O)C([H])([H])[H])C([H])([H])C([H])(C(O[H])(C(O[H])(C([H])([H])[H])C([H])([H])[H])C5([H])C1([H])[H])C4(C([H])([H])[H])C([H])([H])[H])C32O[H],True
17,0,0,17:0:0,-3.66562,[H]Oc1c(N([H])C([H])([H])c2c([H])nc([H])c([H])c2[H])c([H])c([H])c2c1C13C([H])([H])C(O[H])(C(=O)OC([H])([H])[H])C14C([H])(C2([H])[H])C1(O[H])S(=O)C([H])(C3([H])[H])C42OOC1(C([H])([H])C([H])([H])C([H])([H])[H])C2([H])[H],True
17,0,1,17:0:1,-2.81076,[H]Oc1c(N([H])C([H])([H])c2c([H])nc([H])c([H])c2[H])c([H])c([H])c2c1C13C([H])([H])C(O[H])(C(=O)OC([H])([H])[H])C14C([H])(C2([H])[H])C1(O[H])S(=O)C([H])(C3([H])[H])C42OOC1(C([H])([H])C([H])([H])C([H])([H])[H])C2([H])[H],False
17,0,2,17:0:2,-2.25555,[H]Oc1c(N([H])C([H])([H])c2c([H])nc([H])c([H])c2[H])c([H])c([H])c2c1C13C([H])([H])C(O[H])(C(=O)OC([H])([H])[H])C14C([H])(C2([H])[H])C1(O[H])S(=O)C([H])(C3([H])[H])C42OOC1(C([H])([H])C([H])([H])C([H])([H])[H])C2([H])[H],False
22,1,0,22:1:0,-2.63203,[H]OC1([H])C2(C([H])([H])[H])OC([H])([H])C34C([H])(C([H])([H])[H])C([H])=C(C([H])([H])[H])C(=O)C5([H])C6(OC(=O)C([H])([H])[H])C([H])(OC(=O)C([H])([H])[H])C7([H])C(=C([H])[H])C(C([H])([H])[H])(C([H])([H])[H])C7(C([H])(OC(=O)C([H])([H])[H])C(OC(=O)C([H])([H])[H])(S(=O)C3([H])C(O[H])(C([H])([H])[H])C3([H])C([H])(C14O[H])C3(C([H])([H])[H])C([H])([H])[H])C([H])(OC(=O)C([H])([H])[H])C6(O[H])C(=C([H])[H])C([H])([H])[H])C(O[H])(C([H])([H])[H])C52O[H],True
22,1,1,22:1:1,-1.33654,[H]OC1([H])C2(C([H])([H])[H])OC([H])([H])C34C([H])(C([H])([H])[H])C([H])=C(C([H])([H])[H])C(=O)C5([H])C6(OC(=O)C([H])([H])[H])C([H])(OC(=O)C([H])([H])[H])C7([H])C(=C([H])[H])C(C([H])([H])[H])(C([H])([H])[H])C7(C([H])(OC(=O)C([H])([H])[H])C(OC(=O)C([H])([H])[H])(S(=O)C3([H])C(O[H])(C([H])([H])[H])C3([H])C([H])(C14O[H])C3(C([H])([H])[H])C([H])([H])[H])C([H])(OC(=O)C([H])([H])[H])C6(O[H])C(=C([H])[H])C([H])([H])[H])C(O[H])(C([H])([H])[H])C52O[H],False
22,1,2,22:1:2,-0.88096,[H]OC1([H])C2(C([H])([H])[H])OC([H])([H])C34C([H])(C([H])([H])[H])C([H])=C(C([H])([H])[H])C(=O)C5([H])C6(OC(=O)C([H])([H])[H])C([H])(OC(=O)C([H])([H])[H])C7([H])C(=C([H])[H])C(C([H])([H])[H])(C([H])([H])[H])C7(C([H])(OC(=O)C([H])([H])[H])C(OC(=O)C([H])([H])[H])(S(=O)C3([H])C(O[H])(C([H])([H])[H])C3([H])C([H])(C14O[H])C3(C([H])([H])[H])C([H])([H])[H])C([H])(OC(=O)C([H])([H])[H])C6(O[H])C(=C([H])[H])C([H])([H])[H])C(O[H])(C([H])([H])[H])C52O[H],False
23,0,0,23:0:0,-3.08005,[H]OC1([H])S(=O)C2([H])OC3(C([H])([H])[H])OC4(OC(C([H])=C([H])[H])(C([H])([H])[H])C3([H])[H])C([H])([H])C4(C([H])([H])[H])C3(O[H])C(=O)C(C([H])([H])[H])=C([H])C3([H])C3(O[H])C([H])(OC(=O)C([H])([H])[H])C([H])([H])C24C3(O[H])C([H])(OC(=O)C([H])([H])[H])C14C([H])([H])[H],True
23,0,1,23:0:1,-2.80853,[H]OC1([H])S(=O)C2([H])OC3(C([H])([H])[H])OC4(OC(C([H])=C([H])[H])(C([H])([H])[H])C3([H])[H])C([H])([H])C4(C([H])([H])[H])C3(O[H])C(=O)C(C([H])([H])[H])=C([H])C3([H])C3(O[H])C([H])(OC(=O)C([H])([H])[H])C([H])([H])C24C3(O[H])C([H])(OC(=O)C([H])([H])[H])C14C([H])([H])[H],False
23,0,2,23:0:2,-2.62309,[H]OC1([H])S(=O)C2([H])OC3(C([H])([H])[H])OC4(OC(C([H])=C([H])[H])(C([H])([H])[H])C3([H])[H])C([H])([H])C4(C([H])([H])[H])C3(O[H])C(=O)C(C([H])([H])[H])=C([H])C3([H])C3(O[H])C([H])(OC(=O)C([H])([H])[H])C([H])([H])C24C3(O[H])C([H])(OC(=O)C([H])([H])[H])C14C([H])([H])[H],False
25,0,0,25:0:0,-3.00897,[H]ON=C1OC2([H])OC3(S(=O)OC([H])([H])C2(O[H])C1([H])[H])C([H])([H])C1([H])C(C([H])([H])[H])(C([H])([H])[H])OC([H])(O[H])C2(O[H])C(=O)C4(C([H])([H])[H])C([H])(OC(OC5([H])OC([H])(C([H])([H])[H])C([H])(O[H])C5([H])O[H])(C([H])([H])[H])C([H])(O[H])C([H])([H])[H])C21OC41C([H])([H])C([H])(C([H])([H])[H])OC2([H])OC4(C([H])([H])[H])C([H])([H])C([H])([H])C2(C2([H])OC(OC([H])([H])[H])(C([H])([H])[H])OC([H])([H])C23[H])C41[H],True
25,0,1,25:0:1,-1.15875,[H]ON=C1OC2([H])OC3(S(=O)OC([H])([H])C2(O[H])C1([H])[H])C([H])([H])C1([H])C(C([H])([H])[H])(C([H])([H])[H])OC([H])(O[H])C2(O[H])C(=O)C4(C([H])([H])[H])C([H])(OC(OC5([H])OC([H])(C([H])([H])[H])C([H])(O[H])C5([H])O[H])(C([H])([H])[H])C([H])(O[H])C([H])([H])[H])C21OC41C([H])([H])C([H])(C([H])([H])[H])OC2([H])OC4(C([H])([H])[H])C([H])([H])C([H])([H])C2(C2([H])OC(OC([H])([H])[H])(C([H])([H])[H])OC([H])([H])C23[H])C41[H],False
25,1,0,25:1:0,-2.73783,[H]ON=C1OC2([H])OC3(S(=O)OC([H])([H])C2(O[H])C1([H])[H])C([H])([H])C1([H])C(C([H])([H])[H])(C([H])([H])[H])OC([H])(O[H])C2(O[H])C(=O)C4(C([H])([H])[H])C([H])(OC(OC5([H])OC([H])(C([H])([H])[H])C([H])(O[H])C5([H])O[H])(C([H])([H])[H])C([H])(O[H])C([H])([H])[H])C21OC41C([H])([H])C([H])(C([H])([H])[H])OC2([H])OC4(C([H])([H])[H])C([H])([H])C([H])([H])C2(C2([H])OC(OC([H])([H])[H])(C([H])([H])[H])OC([H])([H])C23[H])C41[H],True
25,1,1,25:1:1,-1.87799,[H]ON=C1OC2([H])OC3(S(=O)OC([H])([H])C2(O[H])C1([H])[H])C([H])([H])C1([H])C(C([H])([H])[H])(C([H])([H])[H])OC([H])(O[H])C2(O[H])C(=O)C4(C([H])([H])[H])C([H])(OC(OC5([H])OC([H])(C([H])([H])[H])C([H])(O[H])C5([H])O[H])(C([H])([H])[H])C([H])(O[H])C([H])([H])[H])C21OC41C([H])([H])C([H])(C([H])([H])[H])OC2([H])OC4(C([H])([H])[H])C([H])([H])C([H])([H])C2(C2([H])OC(OC([H])([H])[H])(C([H])([H])[H])OC([H])([H])C23[H])C41[H],False
26,0,0,26:0:0,-2.69307,[H]OC1([H])C2(C([H])([H])[H])OC([H])([H])C34C([H])([H])C(O[H])(OC5(O[H])C([H])([H])C(=O)OC(C([H])([H])[H])(C([H])([H])[H])C5([H])C13O[H])C1([H])S(=O)C(C([H])([H])[H])(C([H])([H])C1([H])[H])C4([H])C([H])([H])C([H])([H])C1(O[H])C(=C([H])[H])C(=O)C(C([H])=C([H])[H])(C([H])([H])[H])C([H])([H])C12O[H],True
26,0,1,26:0:1,-2.56099,[H]OC1([H])C2(C([H])([H])[H])OC([H])([H])C34C([H])([H])C(O[H])(OC5(O[H])C([H])([H])C(=O)OC(C([H])([H])[H])(C([H])([H])[H])C5([H])C13O[H])C1([H])S(=O)C(C([H])([H])[H])(C([H])([H])C1([H])[H])C4([H])C([H])([H])C([H])([H])C1(O[H])C(=C([H])[H])C(=O)C(C([H])=C([H])[H])(C([H])([H])[H])C([H])([H])C12O[H],False
26,0,2,26:0:2,-2.47264,[H]OC1([H])C2(C([H])([H])[H])OC([H])([H])C34C([H])([H])C(O[H])(OC5(O[H])C([H])([H])C(=O)OC(C([H])([H])[H])(C([H])([H])[H])C5([H])C13O[H])C1([H])S(=O)C(C([H])([H])[H])(C([H])([H])C1([H])[H])C4([H])C([H])([H])C([H])([H])C1(O[H])C(=C([H])[H])C(=O)C(C([H])=C([H])[H])(C([H])([H])[H])C([H])([H])C12O[H],False
26,1,0,26:1:0,-3.78238,[H]OC1([H])C2(C([H])([H])[H])OC([H])([H])C34C([H])([H])C(O[H])(OC5(O[H])C([H])([H])C(=O)OC(C([H])([H])[H])(C([H])([H])[H])C5([H])C13O[H])C1([H])S(=O)C(C([H])([H])[H])(C([H])([H])C1([H])[H])C4([H])C([H])([H])C([H])([H])C1(O[H])C(=C([H])[H])C(=O)C(C([H])=C([H])[H])(C([H])([H])[H])C([H])([H])C12O[H],True
26,1,1,26:1:1,-3.24549,[H]OC1([H])C2(C([H])([H])[H])OC([H])([H])C34C([H])([H])C(O[H])(OC5(O[H])C([H])([H])C(=O)OC(C([H])([H])[H])(C([H])([H])[H])C5([H])C13O[H])C1([H])S(=O)C(C([H])([H])[H])(C([H])([H])C1([H])[H])C4([H])C([H])([H])C([H])([H])C1(O[H])C(=C([H])[H])C(=O)C(C([H])=C([H])[H])(C([H])([H])[H])C([H])([H])C12O[H],False
26,1,2,26:1:2,-3.18508,[H]OC1([H])C2(C([H])([H])[H])OC([H])([H])C34C([H])([H])C(O[H])(OC5(O[H])C([H])([H])C(=O)OC(C([H])([H])[H])(C([H])([H])[H])C5([H])C13O[H])C1([H])S(=O)C(C([H])([H])[H])(C([H])([H])C1([H])[H])C4([H])C([H])([H])C([H])([H])C1(O[H])C(=C([H])[H])C(=O)C(C([H])=C([H])[H])(C([H])([H])[H])C([H])([H])C12O[H],False
30,0,0,30:0:0,-4.51308,[H]OC1([H])OC2(C([H])([H])[H])C([H])(O[H])C([H])(O[H])C34C5(OC(O[H])(O5)C5(O[H])C(=O)C([H])(C([H])([H])[H])C5(O[H])C(O[H])(C([H])([H])[H])C13[H])C([H])(O[H])C1(O[H])C(=O)C(C([H])([H])[H])=C([H])C1([H])C4([H])S(=O)C([H])([H])C1([H])OC12O[H],True
30,0,1,30:0:1,-4.21552,[H]OC1([H])OC2(C([H])([H])[H])C([H])(O[H])C([H])(O[H])C34C5(OC(O[H])(O5)C5(O[H])C(=O)C([H])(C([H])([H])[H])C5(O[H])C(O[H])(C([H])([H])[H])C13[H])C([H])(O[H])C1(O[H])C(=O)C(C([H])([H])[H])=C([H])C1([H])C4([H])S(=O)C([H])([H])C1([H])OC12O[H],False
30,0,2,30:0:2,-4.0763,[H]OC1([H])OC2(C([H])([H])[H])C([H])(O[H])C([H])(O[H])C34C5(OC(O[H])(O5)C5(O[H])C(=O)C([H])(C([H])([H])[H])C5(O[H])C(O[H])(C([H])([H])[H])C13[H])C([H])(O[H])C1(O[H])C(=O)C(C([H])([H])[H])=C([H])C1([H])C4([H])S(=O)C([H])([H])C1([H])OC12O[H],False
30,1,0,30:1:0,-4.19102,[H]OC1([H])OC2(C([H])([H])[H])C([H])(O[H])C([H])(O[H])C34C5(OC([O-])(O5)C5(O[H])C(=O)C([H])(C([H])([H])[H])C5(O[H])C(O[H])(C([H])([H])[H])C13[H])C([H])(O[H])C1(O[H])C(=O)C(C([H])([H])[H])=C([H])C1([H])C4([H])S(=O)C([H])([H])C1([H])OC12O[H],True
30,1,1,30:1:1,-3.73646,[H]OC1([H])OC2(C([H])([H])[H])C([H])(O[H])C([H])(O[H])C34C5(OC([O-])(O5)C5(O[H])C(=O)C([H])(C([H])([H])[H])C5(O[H])C(O[H])(C([H])([H])[H])C13[H])C([H])(O[H])C1(O[H])C(=O)C(C([H])([H])[H])=C([H])C1([H])C4([H])S(=O)C([H])([H])C1([H])OC12O[H],False
30,1,2,30:1:2,-3.22168,[H]OC1([H])OC2(C([H])([H])[H])C([H])(O[H])C([H])(O[H])C34C5(OC([O-])(O5)C5(O[H])C(=O)C([H])(C([H])([H])[H])C5(O[H])C(O[H])(C([H])([H])[H])C13[H])C([H])(O[H])C1(O[H])C(=O)C(C([H])([H])[H])=C([H])C1([H])C4([H])S(=O)C([H])([H])C1([H])OC12O[H],False
34,0,0,34:0:0,-2.20802,[H]OC1([H])C2([H])C([H])([H])OC3(O[H])C([H])([H])C([H])([H])C4([H])C5([H])S(=O)C(C([H])([H])[H])(C([H])([H])[H])C6([H])C([H])([H])C([H])([H])C7(C([H])([H])[H])C([H])([H])C8([H])C([H])([H])C([H])([H])C9(C([H])([H])[H])C([H])([H])OC([H])(OC2(OC([H])([H])[H])C([H])([H])[H])C4(OC9(O[H])C8([H])OC2([H])C([H])([H])C([H])(c4c([H])oc([H])c4[H])C(C([H])([H])[H])(C2([H])[H])C13C([H])([H])[H])C56C7([H])[H],True
34,0,1,34:0:1,-1.75701,[H]OC1([H])C2([H])C([H])([H])OC3(O[H])C([H])([H])C([H])([H])C4([H])C5([H])S(=O)C(C([H])([H])[H])(C([H])([H])[H])C6([H])C([H])([H])C([H])([H])C7(C([H])([H])[H])C([H])([H])C8([H])C([H])([H])C([H])([H])C9(C([H])([H])[H])C([H])([H])OC([H])(OC2(OC([H])([H])[H])C([H])([H])[H])C4(OC9(O[H])C8([H])OC2([H])C([H])([H])C([H])(c4c([H])oc([H])c4[H])C(C([H])([H])[H])(C2([H])[H])C13C([H])([H])[H])C56C7([H])[H],False
34,0,2,34:0:2,-1.39348,[H]OC1([H])C2([H])C([H])([H])OC3(O[H])C([H])([H])C([H])([H])C4([H])C5([H])S(=O)C(C([H])([H])[H])(C([H])([H])[H])C6([H])C([H])([H])C([H])([H])C7(C([H])([H])[H])C([H])([H])C8([H])C([H])([H])C([H])([H])C9(C([H])([H])[H])C([H])([H])OC([H])(OC2(OC([H])([H])[H])C([H])([H])[H])C4(OC9(O[H])C8([H])OC2([H])C([H])([H])C([H])(c4c([H])oc([H])c4[H])C(C([H])([H])[H])(C2([H])[H])C13C([H])([H])[H])C56C7([H])[H],False
39,0,0,39:0:0,-3.9264,[H]OC1([H])C(=O)C2(C([H])([H])[H])C(O[H])(C(=O)C([H])([H])OC([H])([H])[H])C([H])=C([H])C2(O[H])C23OC4(OC([H])([H])[H])C(=C([H])OC4([H])C([H])(O[H])C([H])([H])[H])C4([H])C([H])([H])OC(=O)C2(C2([H])C([H])=C([H])C([H])(O[H])C2(C([H])([H])[H])C([H])([H])S(=O)C13[H])C1(OC4([H])[H])C([H])([H])C([H])([H])C([H])([H])C([H])([H])C1([H])[H],True
39,0,1,39:0:1,-3.64287,[H]OC1([H])C(=O)C2(C([H])([H])[H])C(O[H])(C(=O)C([H])([H])OC([H])([H])[H])C([H])=C([H])C2(O[H])C23OC4(OC([H])([H])[H])C(=C([H])OC4([H])C([H])(O[H])C([H])([H])[H])C4([H])C([H])([H])OC(=O)C2(C2([H])C([H])=C([H])C([H])(O[H])C2(C([H])([H])[H])C([H])([H])S(=O)C13[H])C1(OC4([H])[H])C([H])([H])C([H])([H])C([H])([H])C([H])([H])C1([H])[H],False
39,0,2,39:0:2,-2.96531,[H]OC1([H])C(=O)C2(C([H])([H])[H])C(O[H])(C(=O)C([H])([H])OC([H])([H])[H])C([H])=C([H])C2(O[H])C23OC4(OC([H])([H])[H])C(=C([H])OC4([H])C([H])(O[H])C([H])([H])[H])C4([H])C([H])([H])OC(=O)C2(C2([H])C([H])=C([H])C([H])(O[H])C2(C([H])([H])[H])C([H])([H])S(=O)C13[H])C1(OC4([H])[H])C([H])([H])C([H])([H])C([H])([H])C([H])([H])C1([H])[H],False
41,0,0,41:0:0,-1.2573,[H]OC1([H])S(=O)C2([H])C3(OC3([H])[H])C([H])=C([H])C3(C([H])([H])[H])C([H])(O[H])C4(O[H])OC4(C([H])([H])[H])C([H])([H])C4(O[H])C(=C([H])[H])C(=O)OC4(C(=C([H])[H])C([H])([H])[H])C([H])([H])C4(C([H])([H])[H])C3(O[H])C3(C([H])([H])[H])OC1(C([H])([H])[H])C(O[H])(C3=O)C1([H])OC(=O)C2(C([H])(O[H])C([H])(O[H])C2(O[H])C(=C([H])[H])C(=O)C12O[H])C4(C([H])([H])[H])C([H])([H])[H],True
41,0,1,41:0:1,-0.524535,[H]OC1([H])S(=O)C2([H])C3(OC3([H])[H])C([H])=C([H])C3(C([H])([H])[H])C([H])(O[H])C4(O[H])OC4(C([H])([H])[H])C([H])([H])C4(O[H])C(=C([H])[H])C(=O)OC4(C(=C([H])[H])C([H])([H])[H])C([H])([H])C4(C([H])([H])[H])C3(O[H])C3(C([H])([H])[H])OC1(C([H])([H])[H])C(O[H])(C3=O)C1([H])OC(=O)C2(C([H])(O[H])C([H])(O[H])C2(O[H])C(=C([H])[H])C(=O)C12O[H])C4(C([H])([H])[H])C([H])([H])[H],False
41,1,0,41:1:0,-3.47564,[H]OC1([H])S(=O)C2([H])C3(OC3([H])[H])C([H])=C([H])C3(C([H])([H])[H])C([H])(O[H])C4(O[H])OC4(C([H])([H])[H])C([H])([H])C4(O[H])C(=C([H])[H])C(=O)OC4(C(=C([H])[H])C([H])([H])[H])C([H])([H])C4(C([H])([H])[H])C3(O[H])C3(C([H])([H])[H])OC1(C([H])([H])[H])C(O[H])(C3=O)C1([H])OC(=O)C2(C([H])(O[H])C([H])(O[H])C2(O[H])C(=C([H])[H])C(=O)C12O[H])C4(C([H])([H])[H])C([H])([H])[H],True
41,1,1,41:1:1,-3.28008,[H]OC1([H])S(=O)C2([H])C3(OC3([H])[H])C([H])=C([H])C3(C([H])([H])[H])C([H])(O[H])C4(O[H])OC4(C([H])([H])[H])C([H])([H])C4(O[H])C(=C([H])[H])C(=O)OC4(C(=C([H])[H])C([H])([H])[H])C([H])([H])C4(C([H])([H])[H])C3(O[H])C3(C([H])([H])[H])OC1(C([H])([H])[H])C(O[H])(C3=O)C1([H])OC(=O)C2(C([H])(O[H])C([H])(O[H])C2(O[H])C(=C([H])[H])C(=O)C12O[H])C4(C([H])([H])[H])C([H])([H])[H],False
41,1,2,41:1:2,-2.7174,[H]OC1([H])S(=O)C2([H])C3(OC3([H])[H])C([H])=C([H])C3(C([H])([H])[H])C([H])(O[H])C4(O[H])OC4(C([H])([H])[H])C([H])([H])C4(O[H])C(=C([H])[H])C(=O)OC4(C(=C([H])[H])C([H])([H])[H])C([H])([H])C4(C([H])([H])[H])C3(O[H])C3(C([H])([H])[H])OC1(C([H])([H])[H])C(O[H])(C3=O)C1([H])OC(=O)C2(C([H])(O[H])C([H])(O[H])C2(O[H])C(=C([H])[H])C(=O)C12O[H])C4(C([H])([H])[H])C([H])([H])[H],False
41,2,0,41:2:0,-3.44869,[H]OC1([H])S(=O)C2([H])C3(OC3([H])[H])C([H])=C([H])C3(C([H])([H])[H])C([H])(O[H])C4(O[H])OC4(C([H])([H])[H])C([H])([H])C4(O[H])C(=C([H])[H])C(=O)OC4(C(=C([H])[H])C([H])([H])[H])C([H])([H])C4(C([H])([H])[H])C3(O[H])C3(C([H])([H])[H])OC1(C([H])([H])[H])C(O[H])(C3=O)C1([H])OC(=O)C2(C([H])(O[H])C([H])(O[H])C2(O[H])C(=C([H])[H])C(=O)C12O[H])C4(C([H])([H])[H])C([H])([H])[H],True
41,2,1,41:2:1,-3.36194,[H]OC1([H])S(=O)C2([H])C3(OC3([H])[H])C([H])=C([H])C3(C([H])([H])[H])C([H])(O[H])C4(O[H])OC4(C([H])([H])[H])C([H])([H])C4(O[H])C(=C([H])[H])C(=O)OC4(C(=C([H])[H])C([H])([H])[H])C([H])([H])C4(C([H])([H])[H])C3(O[H])C3(C([H])([H])[H])OC1(C([H])([H])[H])C(O[H])(C3=O)C1([H])OC(=O)C2(C([H])(O[H])C([H])(O[H])C2(O[H])C(=C([H])[H])C(=O)C12O[H])C4(C([H])([H])[H])C([H])([H])[H],False
41,2,2,41:2:2,-3.18609,[H]OC1([H])S(=O)C2([H])C3(OC3([H])[H])C([H])=C([H])C3(C([H])([H])[H])C([H])(O[H])C4(O[H])OC4(C([H])([H])[H])C([H])([H])C4(O[H])C(=C([H])[H])C(=O)OC4(C(=C([H])[H])C([H])([H])[H])C([H])([H])C4(C([H])([H])[H])C3(O[H])C3(C([H])([H])[H])OC1(C([H])([H])[H])C(O[H])(C3=O)C1([H])OC(=O)C2(C([H])(O[H])C([H])(O[H])C2(O[H])C(=C([H])[H])C(=O)C12O[H])C4(C([H])([H])[H])C([H])([H])[H],False
41,3,0,41:3:0,-3.23604,[H]OC1([H])S(=O)C2([H])C3(OC3([H])[H])C([H])=C([H])C3(C([H])([H])[H])C([H])(O[H])C4(O[H])OC4(C([H])([H])[H])C([H])([H])C4(O[H])C(=C([H])[H])C(=O)OC4(C(=C([H])[H])C([H])([H])[H])C([H])([H])C4(C([H])([H])[H])C3(O[H])C3(C([H])([H])[H])OC1(C([H])([H])[H])C(O[H])(C3=O)C1([H])OC(=O)C2(C([H])(O[H])C([H])(O[H])C2(O[H])C(=C([H])[H])C(=O)C12O[H])C4(C([H])([H])[H])C([H])([H])[H],True
41,3,1,41:3:1,-2.66248,[H]OC1([H])S(=O)C2([H])C3(OC3([H])[H])C([H])=C([H])C3(C([H])([H])[H])C([H])(O[H])C4(O[H])OC4(C([H])([H])[H])C([H])([H])C4(O[H])C(=C([H])[H])C(=O)OC4(C(=C([H])[H])C([H])([H])[H])C([H])([H])C4(C([H])([H])[H])C3(O[H])C3(C([H])([H])[H])OC1(C([H])([H])[H])C(O[H])(C3=O)C1([H])OC(=O)C2(C([H])(O[H])C([H])(O[H])C2(O[H])C(=C([H])[H])C(=O)C12O[H])C4(C([H])([H])[H])C([H])([H])[H],False
41,3,2,41:3:2,-2.57154,[H]OC1([H])S(=O)C2([H])C3(OC3([H])[H])C([H])=C([H])C3(C([H])([H])[H])C([H])(O[H])C4(O[H])OC4(C([H])([H])[H])C([H])([H])C4(O[H])C(=C([H])[H])C(=O)OC4(C(=C([H])[H])C([H])([H])[H])C([H])([H])C4(C([H])([H])[H])C3(O[H])C3(C([H])([H])[H])OC1(C([H])([H])[H])C(O[H])(C3=O)C1([H])OC(=O)C2(C([H])(O[H])C([H])(O[H])C2(O[H])C(=C([H])[H])C(=O)C12O[H])C4(C([H])([H])[H])C([H])([H])[H],False
43,0,0,43:0:0,-2.77728,[H]OC12OC3([H])S(=O)C(OC([H])([H])[H])(OC34OC3(c5c([H])oc([H])c5[H])OC3([H])C3([H])C(C([H])([H])[H])(C(=O)C([H])([H])C([H])([H])C3(C([H])([H])[H])C([H])([H])[H])C4([H])[H])C1([H])C(C([H])([H])[H])(C([H])([H])[H])C(=C([H])[H])C2([H])[H],True
43,0,1,43:0:1,-2.28334,[H]OC12OC3([H])S(=O)C(OC([H])([H])[H])(OC34OC3(c5c([H])oc([H])c5[H])OC3([H])C3([H])C(C([H])([H])[H])(C(=O)C([H])([H])C([H])([H])C3(C([H])([H])[H])C([H])([H])[H])C4([H])[H])C1([H])C(C([H])([H])[H])(C([H])([H])[H])C(=C([H])[H])C2([H])[H],False
43,0,2,43:0:2,-2.08566,[H]OC12OC3([H])S(=O)C(OC([H])([H])[H])(OC34OC3(c5c([H])oc([H])c5[H])OC3([H])C3([H])C(C([H])([H])[H])(C(=O)C([H])([H])C([H])([H])C3(C([H])([H])[H])C([H])([H])[H])C4([H])[H])C1([H])C(C([H])([H])[H])(C([H])([H])[H])C(=C([H])[H])C2([H])[H],False
45,0,0,45:0:0,-2.47268,[H]C1=C2C([H])(OC(=O)C([H])([H])[H])C3(OC(=O)C([H])([H])[H])C4([H])C([H])([H])C(C([H])([H])[H])(C([H])(OC(=O)C([H])([H])[H])C([H])([H])C1([H])OC([H])([H])[H])C([H])(OC(=O)C([H])([H])[H])C([H])(OC(=O)C([H])([H])[H])C21C([H])([H])C([H])(C([H])([H])[H])C([H])([H])C([H])(S(=O)C4(C([H])([H])[H])C([H])([H])[H])C31C([H])([H])OC(=O)C([H])([H])[H],True
47,0,0,47:0:0,-4.64569,[H]OC([H])([H])C1([H])OC(O[H])(C2(C([H])([H])[H])C([H])(O[H])C3(C([H])([H])[H])C4(OC(=O)C([H])([H])[H])C5([H])OC6(C([H])([H])[H])C([H])(OC(=O)C([H])([H])[H])C([H])(O[H])C7(C([H])([H])[H])C(=C([H])[H])C([H])([H])C([H])([H])C6([H])C56S(=O)C([H])(C([H])([H])C([H])([H])C6([H])OC5([H])OC([H])(O[H])C([H])(O[H])C5(O[H])OC7([H])[H])C5(C([H])([H])[H])C4(O[H])C2(O[H])OC([H])([H])C35O[H])C1([H])[H],True
47,0,1,47:0:1,-4.50497,[H]OC([H])([H])C1([H])OC(O[H])(C2(C([H])([H])[H])C([H])(O[H])C3(C([H])([H])[H])C4(OC(=O)C([H])([H])[H])C5([H])OC6(C([H])([H])[H])C([H])(OC(=O)C([H])([H])[H])C([H])(O[H])C7(C([H])([H])[H])C(=C([H])[H])C([H])([H])C([H])([H])C6([H])C56S(=O)C([H])(C([H])([H])C([H])([H])C6([H])OC5([H])OC([H])(O[H])C([H])(O[H])C5(O[H])OC7([H])[H])C5(C([H])([H])[H])C4(O[H])C2(O[H])OC([H])([H])C35O[H])C1([H])[H],False
47,0,2,47:0:2,-3.27649,[H]OC([H])([H])C1([H])OC(O[H])(C2(C([H])([H])[H])C([H])(O[H])C3(C([H])([H])[H])C4(OC(=O)C([H])([H])[H])C5([H])OC6(C([H])([H])[H])C([H])(OC(=O)C([H])([H])[H])C([H])(O[H])C7(C([H])([H])[H])C(=C([H])[H])C([H])([H])C([H])([H])C6([H])C56S(=O)C([H])(C([H])([H])C([H])([H])C6([H])OC5([H])OC([H])(O[H])C([H])(O[H])C5(O[H])OC7([H])[H])C5(C([H])([H])[H])C4(O[H])C2(O[H])OC([H])([H])C35O[H])C1([H])[H],False
52,0,0,52:0:0,-2.44666,[H]Oc1c2c3c(c4c([H])c([H])oc14)C([H])(OC(=O)C([H])(C([H])([H])[H])C([H])([H])[H])C([H])([H])C1(O[H])C([H])(O[H])OC([H])([H])C3(O[H])C1(C([H])([H])[H])C1([H])S(=O)C([H])(C3(C([H])([H])[H])OC23[H])C1(C([H])([H])[H])C([H])([H])[H],True
52,0,1,52:0:1,-2.19668,[H]Oc1c2c3c(c4c([H])c([H])oc14)C([H])(OC(=O)C([H])(C([H])([H])[H])C([H])([H])[H])C([H])([H])C1(O[H])C([H])(O[H])OC([H])([H])C3(O[H])C1(C([H])([H])[H])C1([H])S(=O)C([H])(C3(C([H])([H])[H])OC23[H])C1(C([H])([H])[H])C([H])([H])[H],False
52,0,2,52:0:2,-2.12614,[H]Oc1c2c3c(c4c([H])c([H])oc14)C([H])(OC(=O)C([H])(C([H])([H])[H])C([H])([H])[H])C([H])([H])C1(O[H])C([H])(O[H])OC([H])([H])C3(O[H])C1(C([H])([H])[H])C1([H])S(=O)C([H])(C3(C([H])([H])[H])OC23[H])C1(C([H])([H])[H])C([H])([H])[H],False
53,0,0,53:0:0,-5.36862,[H]OC1([H])C([H])(C([H])([H])C([H])([H])[H])C2([H])C([H])(OC(=O)C([H])([H])[H])C([H])=C3C4(O[H])C(O[H])(S(=O)C([H])([H])C5([H])C6([H])OC57OC(O[H])(C([H])(O[H])C7(C([H])([H])[H])C(O[H])(C([H])([H])[H])C6([H])O[H])C5(O[H])C([H])([H])C(C([H])=C([H])[H])(C([H])([H])[H])C(=O)C5(O[H])C5([H])OC(C([H])([H])[H])(C([H])([H])[H])OC([H])([H])C35C([H])([H])[H])C([H])([H])C3([H])OC([H])([H])C5([H])C([H])(C1([H])C42O[H])C35OC(=O)C([H])([H])[H],True
53,0,1,53:0:1,-4.89147,[H]OC1([H])C([H])(C([H])([H])C([H])([H])[H])C2([H])C([H])(OC(=O)C([H])([H])[H])C([H])=C3C4(O[H])C(O[H])(S(=O)C([H])([H])C5([H])C6([H])OC57OC(O[H])(C([H])(O[H])C7(C([H])([H])[H])C(O[H])(C([H])([H])[H])C6([H])O[H])C5(O[H])C([H])([H])C(C([H])=C([H])[H])(C([H])([H])[H])C(=O)C5(O[H])C5([H])OC(C([H])([H])[H])(C([H])([H])[H])OC([H])([H])C35C([H])([H])[H])C([H])([H])C3([H])OC([H])([H])C5([H])C([H])(C1([H])C42O[H])C35OC(=O)C([H])([H])[H],False
53,0,2,53:0:2,-4.54863,[H]OC1([H])C([H])(C([H])([H])C([H])([H])[H])C2([H])C([H])(OC(=O)C([H])([H])[H])C([H])=C3C4(O[H])C(O[H])(S(=O)C([H])([H])C5([H])C6([H])OC57OC(O[H])(C([H])(O[H])C7(C([H])([H])[H])C(O[H])(C([H])([H])[H])C6([H])O[H])C5(O[H])C([H])([H])C(C([H])=C([H])[H])(C([H])([H])[H])C(=O)C5(O[H])C5([H])OC(C([H])([H])[H])(C([H])([H])[H])OC([H])([H])C35C([H])([H])[H])C([H])([H])C3([H])OC([H])([H])C5([H])C([H])(C1([H])C42O[H])C35OC(=O)C([H])([H])[H],False
53,1,0,53:1:0,-2.32471,[H]OC1([H])C([H])(C([H])([H])C([H])([H])[H])C2([H])C([H])(OC(=O)C([H])([H])[H])C([H])=C3C4(O[H])C(O[H])(S(=O)C([H])([H])C5([H])C6([H])OC57OC(O[H])(C([H])(O[H])C7(C([H])([H])[H])C(O[H])(C([H])([H])[H])C6([H])O[H])C5(O[H])C([H])([H])C(C([H])=C([H])[H])(C([H])([H])[H])C(=O)C5(O[H])C5([H])OC(C([H])([H])[H])(C([H])([H])[H])OC([H])([H])C35C([H])([H])[H])C([H])([H])C3([H])OC([H])([H])C5([H])C([H])(C1([H])C42O[H])C35OC(=O)C([H])([H])[H],True
53,1,1,53:1:1,-2.03986,[H]OC1([H])C([H])(C([H])([H])C([H])([H])[H])C2([H])C([H])(OC(=O)C([H])([H])[H])C([H])=C3C4(O[H])C(O[H])(S(=O)C([H])([H])C5([H])C6([H])OC57OC(O[H])(C([H])(O[H])C7(C([H])([H])[H])C(O[H])(C([H])([H])[H])C6([H])O[H])C5(O[H])C([H])([H])C(C([H])=C([H])[H])(C([H])([H])[H])C(=O)C5(O[H])C5([H])OC(C([H])([H])[H])(C([H])([H])[H])OC([H])([H])C35C([H])([H])[H])C([H])([H])C3([H])OC([H])([H])C5([H])C([H])(C1([H])C42O[H])C35OC(=O)C([H])([H])[H],False
55,0,0,55:0:0,-2.95007,[H]C1=C(C([H])([H])[H])C(=O)OC1([H])C1(OC(=O)C([H])([H])[H])C(C([H])([H])Cl)=C([H])C(C([H])([H])[H])(C2([H])C([H])([H])C3([H])C([H])([H])S(=O)C2([H])C3(C([H])([H])[H])C([H])([H])[H])C2(OC2([H])[H])C2(OC2([H])[H])C([H])(OC(=O)C([H])([H])[H])C1([H])[H],True
55,0,1,55:0:1,-2.3725,[H]C1=C(C([H])([H])[H])C(=O)OC1([H])C1(OC(=O)C([H])([H])[H])C(C([H])([H])Cl)=C([H])C(C([H])([H])[H])(C2([H])C([H])([H])C3([H])C([H])([H])S(=O)C2([H])C3(C([H])([H])[H])C([H])([H])[H])C2(OC2([H])[H])C2(OC2([H])[H])C([H])(OC(=O)C([H])([H])[H])C1([H])[H],False
55,0,2,55:0:2,-1.90352,[H]C1=C(C([H])([H])[H])C(=O)OC1([H])C1(OC(=O)C([H])([H])[H])C(C([H])([H])Cl)=C([H])C(C([H])([H])[H])(C2([H])C([H])([H])C3([H])C([H])([H])S(=O)C2([H])C3(C([H])([H])[H])C([H])([H])[H])C2(OC2([H])[H])C2(OC2([H])[H])C([H])(OC(=O)C([H])([H])[H])C1([H])[H],False
55,1,0,55:1:0,-2.2692,[H]C1=C(C([H])([H])[H])C(=O)OC1([H])C1(OC(=O)C([H])([H])[H])C(C([H])([H])Cl)=C([H])C(C([H])([H])[H])(C2([H])C([H])([H])C3([H])C([H])([H])S(=O)C2([H])C3(C([H])([H])[H])C([H])([H])[H])C2(OC2([H])[H])C2(OC2([H])[H])C([H])(OC(=O)C([H])([H])[H])C1([H])[H],True
55,1,1,55:1:1,-2.08633,[H]C1=C(C([H])([H])[H])C(=O)OC1([H])C1(OC(=O)C([H])([H])[H])C(C([H])([H])Cl)=C([H])C(C([H])([H])[H])(C2([H])C([H])([H])C3([H])C([H])([H])S(=O)C2([H])C3(C([H])([H])[H])C([H])([H])[H])C2(OC2([H])[H])C2(OC2([H])[H])C([H])(OC(=O)C([H])([H])[H])C1([H])[H],False
55,1,2,55:1:2,-1.63299,[H]C1=C(C([H])([H])[H])C(=O)OC1([H])C1(OC(=O)C([H])([H])[H])C(C([H])([H])Cl)=C([H])C(C([H])([H])[H])(C2([H])C([H])([H])C3([H])C([H])([H])S(=O)C2([H])C3(C([H])([H])[H])C([H])([H])[H])C2(OC2([H])[H])C2(OC2([H])[H])C([H])(OC(=O)C([H])([H])[H])C1([H])[H],False
57,0,0,57:0:0,-3.33911,[H]C([H])([H])C1(C([H])([H])[H])OC2(OC3(C1([H])[H])C1([H])S(=O)C([H])([H])C4([H])C([H])([H])C([H])(C1([H])[H])C([H])([H])C3([H])C4([H])[H])C([H])([H])C([H])([H])C([H])(F)C([H])([H])C2([H])[H],True
57,0,1,57:0:1,-2.32401,[H]C([H])([H])C1(C([H])([H])[H])OC2(OC3(C1([H])[H])C1([H])S(=O)C([H])([H])C4([H])C([H])([H])C([H])(C1([H])[H])C([H])([H])C3([H])C4([H])[H])C([H])([H])C([H])([H])C([H])(F)C([H])([H])C2([H])[H],False
57,0,2,57:0:2,-1.93766,[H]C([H])([H])C1(C([H])([H])[H])OC2(OC3(C1([H])[H])C1([H])S(=O)C([H])([H])C4([H])C([H])([H])C([H])(C1([H])[H])C([H])([H])C3([H])C4([H])[H])C([H])([H])C([H])([H])C([H])(F)C([H])([H])C2([H])[H],False
59,0,0,59:0:0,-3.91543,[H]OC12C(=O)C(C([H])([H])[H])(C([H])([H])[H])C1([H])C1([H])OC1(C([H])([H])[H])C([H])([H])C([H])([H])C1([H])S(=O)C3(C([H])([H])[H])C(O[H])(C([H])(C([H])([H])[H])C([H])([H])[H])C([H])(OC(=O)C([H])([H])[H])C4(O[H])C([H])(OC(=O)C([H])([H])[H])C([H])([H])C([H])([H])C(C([H])([H])[H])(C([H])([H])OC(=O)C([H])([H])[N+]([H])([H])[H])C([H])([H])C14C23O[H],True
59,0,1,59:0:1,-3.63705,[H]OC12C(=O)C(C([H])([H])[H])(C([H])([H])[H])C1([H])C1([H])OC1(C([H])([H])[H])C([H])([H])C([H])([H])C1([H])S(=O)C3(C([H])([H])[H])C(O[H])(C([H])(C([H])([H])[H])C([H])([H])[H])C([H])(OC(=O)C([H])([H])[H])C4(O[H])C([H])(OC(=O)C([H])([H])[H])C([H])([H])C([H])([H])C(C([H])([H])[H])(C([H])([H])OC(=O)C([H])([H])[N+]([H])([H])[H])C([H])([H])C14C23O[H],False
59,0,2,59:0:2,-2.96991,[H]OC12C(=O)C(C([H])([H])[H])(C([H])([H])[H])C1([H])C1([H])OC1(C([H])([H])[H])C([H])([H])C([H])([H])C1([H])S(=O)C3(C([H])([H])[H])C(O[H])(C([H])(C([H])([H])[H])C([H])([H])[H])C([H])(OC(=O)C([H])([H])[H])C4(O[H])C([H])(OC(=O)C([H])([H])[H])C([H])([H])C([H])([H])C(C([H])([H])[H])(C([H])([H])OC(=O)C([H])([H])[N+]([H])([H])[H])C([H])([H])C14C23O[H],False
59,1,0,59:1:0,-3.53055,[H]OC12C(=O)C(C([H])([H])[H])(C([H])([H])[H])C1([H])C1([H])OC1(C([H])([H])[H])C([H])([H])C([H])([H])C1([H])S(=O)C3(C([H])([H])[H])C(O[H])(C([H])(C([H])([H])[H])C([H])([H])[H])C([H])(OC(=O)C([H])([H])[H])C4(O[H])C([H])(OC(=O)C([H])([H])[H])C([H])([H])C([H])([H])C(C([H])([H])[H])(C([H])([H])OC(=O)C([H])([H])N([H])[H])C([H])([H])C14C23O[H],True
59,1,1,59:1:1,-3.20621,[H]OC12C(=O)C(C([H])([H])[H])(C([H])([H])[H])C1([H])C1([H])OC1(C([H])([H])[H])C([H])([H])C([H])([H])C1([H])S(=O)C3(C([H])([H])[H])C(O[H])(C([H])(C([H])([H])[H])C([H])([H])[H])C([H])(OC(=O)C([H])([H])[H])C4(O[H])C([H])(OC(=O)C([H])([H])[H])C([H])([H])C([H])([H])C(C([H])([H])[H])(C([H])([H])OC(=O)C([H])([H])N([H])[H])C([H])([H])C14C23O[H],False
59,1,2,59:1:2,-1.11949,[H]OC12C(=O)C(C([H])([H])[H])(C([H])([H])[H])C1([H])C1([H])OC1(C([H])([H])[H])C([H])([H])C([H])([H])C1([H])S(=O)C3(C([H])([H])[H])C(O[H])(C([H])(C([H])([H])[H])C([H])([H])[H])C([H])(OC(=O)C([H])([H])[H])C4(O[H])C([H])(OC(=O)C([H])([H])[H])C([H])([H])C([H])([H])C(C([H])([H])[H])(C([H])([H])OC(=O)C([H])([H])N([H])[H])C([H])([H])C14C23O[H],False
61,0,0,61:0:0,-3.83203,[H]OC12C(=O)C([H])([H])C(C([H])([H])[H])=C1C1([H])S(=O)C(C([H])([H])[H])(C([H])([H])[H])C(C([H])([H])[H])(OC(=O)C1([H])[H])C2([H])[H],True
61,0,1,61:0:1,-3.58636,[H]OC12C(=O)C([H])([H])C(C([H])([H])[H])=C1C1([H])S(=O)C(C([H])([H])[H])(C([H])([H])[H])C(C([H])([H])[H])(OC(=O)C1([H])[H])C2([H])[H],False
61,0,2,61:0:2,-2.7157,[H]OC12C(=O)C([H])([H])C(C([H])([H])[H])=C1C1([H])S(=O)C(C([H])([H])[H])(C([H])([H])[H])C(C([H])([H])[H])(OC(=O)C1([H])[H])C2([H])[H],False
63,0,0,63:0:0,-3.48964,[H]OC([H])([H])C1(O[H])C2([H])OC1(C([H])(C([H])([H])[H])C([H])([H])[H])C13C([H])([H])C([H])([H])C4(C(=C([H])[H])C([H])([H])[H])C([H])(OC(=O)C(C([H])([H])[H])(C([H])([H])[H])C([H])([H])[H])C5(C(=C([H])[H])C([H])([H])[H])C([H])(OC(C([H])([H])[H])(C([H])([H])[H])OC([H])([H])C4([H])C4([H])OC([H])(OC([H])([H])[H])C1([H])S(=O)C2(C([H])([H])[H])C([H])(OC(=O)C([H])([H])[H])C43O[H])C1([H])C5(O[H])OC([H])([H])C1([H])C([H])([H])[H],True
63,0,1,63:0:1,-1.97963,[H]OC([H])([H])C1(O[H])C2([H])OC1(C([H])(C([H])([H])[H])C([H])([H])[H])C13C([H])([H])C([H])([H])C4(C(=C([H])[H])C([H])([H])[H])C([H])(OC(=O)C(C([H])([H])[H])(C([H])([H])[H])C([H])([H])[H])C5(C(=C([H])[H])C([H])([H])[H])C([H])(OC(C([H])([H])[H])(C([H])([H])[H])OC([H])([H])C4([H])C4([H])OC([H])(OC([H])([H])[H])C1([H])S(=O)C2(C([H])([H])[H])C([H])(OC(=O)C([H])([H])[H])C43O[H])C1([H])C5(O[H])OC([H])([H])C1([H])C([H])([H])[H],False
63,0,2,63:0:2,-1.72545,[H]OC([H])([H])C1(O[H])C2([H])OC1(C([H])(C([H])([H])[H])C([H])([H])[H])C13C([H])([H])C([H])([H])C4(C(=C([H])[H])C([H])([H])[H])C([H])(OC(=O)C(C([H])([H])[H])(C([H])([H])[H])C([H])([H])[H])C5(C(=C([H])[H])C([H])([H])[H])C([H])(OC(C([H])([H])[H])(C([H])([H])[H])OC([H])([H])C4([H])C4([H])OC([H])(OC([H])([H])[H])C1([H])S(=O)C2(C([H])([H])[H])C([H])(OC(=O)C([H])([H])[H])C43O[H])C1([H])C5(O[H])OC([H])([H])C1([H])C([H])([H])[H],False
64,0,0,64:0:0,-3.70691,[H]OC1([H])C([H])(O[H])C(O[H])(C([H])([H])[H])C2(C([H])([H])C([H])([H])C([H])=C([H])[H])C([H])([H])C3(C([H])([H])[H])OC1(C1([H])S(=O)C3(C([H])([H])[H])C34C([H])([H])C5(C([H])([H])[H])OC5([H])C5(O[H])OC3(O[H])C(C([H])([H])[H])(C([H])([H])[H])C([H])([H])C(=O)C14C5([H])O[H])C2(C([H])([H])[H])C([H])([H])[H],True
64,0,1,64:0:1,-3.12967,[H]OC1([H])C([H])(O[H])C(O[H])(C([H])([H])[H])C2(C([H])([H])C([H])([H])C([H])=C([H])[H])C([H])([H])C3(C([H])([H])[H])OC1(C1([H])S(=O)C3(C([H])([H])[H])C34C([H])([H])C5(C([H])([H])[H])OC5([H])C5(O[H])OC3(O[H])C(C([H])([H])[H])(C([H])([H])[H])C([H])([H])C(=O)C14C5([H])O[H])C2(C([H])([H])[H])C([H])([H])[H],False
64,0,2,64:0:2,-2.49997,[H]OC1([H])C([H])(O[H])C(O[H])(C([H])([H])[H])C2(C([H])([H])C([H])([H])C([H])=C([H])[H])C([H])([H])C3(C([H])([H])[H])OC1(C1([H])S(=O)C3(C([H])([H])[H])C34C([H])([H])C5(C([H])([H])[H])OC5([H])C5(O[H])OC3(O[H])C(C([H])([H])[H])(C([H])([H])[H])C([H])([H])C(=O)C14C5([H])O[H])C2(C([H])([H])[H])C([H])([H])[H],False
71,0,0,71:0:0,-3.25887,[H]OC([H])([H])C12C([H])(O[H])C(O[H])(C(OC(=O)C([H])([H])[H])=C3C(=C([H])C45C(=C([H])[H])C([H])(O[H])C([H])([H])C(OC([H])([H])[H])(C4([H])O[H])C4(O[H])S(=O)C5([H])C5(C([H])([H])[H])OC5([H])C5(OC([H])([H])C([H])([H])O5)C34[H])C1(O[H])C([H])([H])[H])C2([H])O[H],True
71,0,1,71:0:1,-2.52826,[H]OC([H])([H])C12C([H])(O[H])C(O[H])(C(OC(=O)C([H])([H])[H])=C3C(=C([H])C45C(=C([H])[H])C([H])(O[H])C([H])([H])C(OC([H])([H])[H])(C4([H])O[H])C4(O[H])S(=O)C5([H])C5(C([H])([H])[H])OC5([H])C5(OC([H])([H])C([H])([H])O5)C34[H])C1(O[H])C([H])([H])[H])C2([H])O[H],False
71,0,2,71:0:2,-2.00025,[H]OC([H])([H])C12C([H])(O[H])C(O[H])(C(OC(=O)C([H])([H])[H])=C3C(=C([H])C45C(=C([H])[H])C([H])(O[H])C([H])([H])C(OC([H])([H])[H])(C4([H])O[H])C4(O[H])S(=O)C5([H])C5(C([H])([H])[H])OC5([H])C5(OC([H])([H])C([H])([H])O5)C34[H])C1(O[H])C([H])([H])[H])C2([H])O[H],False
71,1,0,71:1:0,-3.51341,[H]OC([H])([H])C12C([H])(O[H])C(O[H])(C(OC(=O)C([H])([H])[H])=C3C(=C([H])C45C(=C([H])[H])C([H])(O[H])C([H])([H])C(OC([H])([H])[H])(C4([H])O[H])C4(O[H])S(=O)C5([H])C5(C([H])([H])[H])OC5([H])C5(OC([H])([H])C([H])([H])O5)C34[H])C1(O[H])C([H])([H])[H])C2([H])O[H],True
71,1,1,71:1:1,-2.76664,[H]OC([H])([H])C12C([H])(O[H])C(O[H])(C(OC(=O)C([H])([H])[H])=C3C(=C([H])C45C(=C([H])[H])C([H])(O[H])C([H])([H])C(OC([H])([H])[H])(C4([H])O[H])C4(O[H])S(=O)C5([H])C5(C([H])([H])[H])OC5([H])C5(OC([H])([H])C([H])([H])O5)C34[H])C1(O[H])C([H])([H])[H])C2([H])O[H],False
71,1,2,71:1:2,-2.46848,[H]OC([H])([H])C12C([H])(O[H])C(O[H])(C(OC(=O)C([H])([H])[H])=C3C(=C([H])C45C(=C([H])[H])C([H])(O[H])C([H])([H])C(OC([H])([H])[H])(C4([H])O[H])C4(O[H])S(=O)C5([H])C5(C([H])([H])[H])OC5([H])C5(OC([H])([H])C([H])([H])O5)C34[H])C1(O[H])C([H])([H])[H])C2([H])O[H],False
71,2,0,71:2:0,-2.65872,[H]OC([H])([H])C12C([H])(O[H])C(O[H])(C(OC(=O)C([H])([H])[H])=C3C(=C([H])C45C(=C([H])[H])C([H])(O[H])C([H])([H])C(OC([H])([H])[H])(C4([H])O[H])C4(O[H])S(=O)C5([H])C5(C([H])([H])[H])OC5([H])C5(OC([H])([H])C([H])([H])O5)C34[H])C1(O[H])C([H])([H])[H])C2([H])O[H],True
71,2,1,71:2:1,-2.59533,[H]OC([H])([H])C12C([H])(O[H])C(O[H])(C(OC(=O)C([H])([H])[H])=C3C(=C([H])C45C(=C([H])[H])C([H])(O[H])C([H])([H])C(OC([H])([H])[H])(C4([H])O[H])C4(O[H])S(=O)C5([H])C5(C([H])([H])[H])OC5([H])C5(OC([H])([H])C([H])([H])O5)C34[H])C1(O[H])C([H])([H])[H])C2([H])O[H],False
71,2,2,71:2:2,-2.25774,[H]OC([H])([H])C12C([H])(O[H])C(O[H])(C(OC(=O)C([H])([H])[H])=C3C(=C([H])C45C(=C([H])[H])C([H])(O[H])C([H])([H])C(OC([H])([H])[H])(C4([H])O[H])C4(O[H])S(=O)C5([H])C5(C([H])([H])[H])OC5([H])C5(OC([H])([H])C([H])([H])O5)C34[H])C1(O[H])C([H])([H])[H])C2([H])O[H],False
72,0,0,72:0:0,-2.61147,[H]C([H])([H])N1C(=O)S(=O)C2([H])C3([H])C([H])(Br)C4([H])SSC2(C3(Br)C([H])([H])[H])C14C([H])([H])[H],True
72,0,1,72:0:1,-2.38189,[H]C([H])([H])N1C(=O)S(=O)C2([H])C3([H])C([H])(Br)C4([H])SSC2(C3(Br)C([H])([H])[H])C14C([H])([H])[H],False
72,0,2,72:0:2,-2.21708,[H]C([H])([H])N1C(=O)S(=O)C2([H])C3([H])C([H])(Br)C4([H])SSC2(C3(Br)C([H])([H])[H])C14C([H])([H])[H],False
79,0,0,79:0:0,-3.76449,[H]OC1([H])C2(OC([H])([H])[H])C([H])=C([H])C34C([H])(S(=O)C1([H])C1(C([H])([H])[H])C([H])([H])C([H])([H])C3(OC([H])([H])[H])C1(C([H])([H])[H])C([H])([H])[H])C([H])([H])C1(C([H])([H])[H])C([H])(C([H])(O[H])C24O[H])C2(C([H])([H])[H])OC([H])([H])C3(O[H])C4([H])OC([H])(OC([H])([H])[H])C([H])([H])OC4(C3([H])O2)C12OC2([H])[H],True
79,0,1,79:0:1,-3.10152,[H]OC1([H])C2(OC([H])([H])[H])C([H])=C([H])C34C([H])(S(=O)C1([H])C1(C([H])([H])[H])C([H])([H])C([H])([H])C3(OC([H])([H])[H])C1(C([H])([H])[H])C([H])([H])[H])C([H])([H])C1(C([H])([H])[H])C([H])(C([H])(O[H])C24O[H])C2(C([H])([H])[H])OC([H])([H])C3(O[H])C4([H])OC([H])(OC([H])([H])[H])C([H])([H])OC4(C3([H])O2)C12OC2([H])[H],False
79,0,2,79:0:2,-3.0102,[H]OC1([H])C2(OC([H])([H])[H])C([H])=C([H])C34C([H])(S(=O)C1([H])C1(C([H])([H])[H])C([H])([H])C([H])([H])C3(OC([H])([H])[H])C1(C([H])([H])[H])C([H])([H])[H])C([H])([H])C1(C([H])([H])[H])C([H])(C([H])(O[H])C24O[H])C2(C([H])([H])[H])OC([H])([H])C3(O[H])C4([H])OC([H])(OC([H])([H])[H])C([H])([H])OC4(C3([H])O2)C12OC2([H])[H],False
83,0,0,83:0:0,-1.62753,[H]OC1([H])C(=C([H])[H])C2([H])C([H])([H])C([H])([H])C3(O[H])C([H])(OC(=O)C([H])([H])[H])C(O[H])(C([H])(C([H])([H])[H])C([H])([H])[H])C4(C([H])([H])[H])S(=O)C5([H])C1([H])OC([H])(OC1([H])C(=C([H])[H])C6(C([H])([H])[H])C([H])([H])C([H])(O[H])C7(C(O[H])(C([H])([H])[H])C([H])([H])[H])OC(C([H])(O[H])C8([H])OC8([H])[H])(C8(O[H])C(=O)C(C([H])=C([H])[H])(C([H])([H])[H])C([H])([H])C18C([H])([H])[H])C6([H])C7([H])[H])C53C1(C([H])(C([H])([H])[H])C([H])([H])[H])OC4([H])C2(C([H])=O)C1=O,True
86,0,0,86:0:0,-3.31749,[H]OC1([H])OC2([H])C(=O)C2(O[H])C2(C([H])([H])[H])OC2([H])C2([H])OC3(C([H])(O[H])C([H])([H])[H])C(C([H])([H])O[H])(C([H])(O[H])C4(O[H])S(=O)C([H])(C56OC7(C([H])([H])[H])C([H])([H])OC7(O[H])C([H])([H])C(O[H])(C([H])([H])[H])C5([H])C([H])([H])C([H])([H])C(C([H])([H])[H])(C6([H])[H])C4([H])O[H])C3(C([H])([H])[H])C([H])([H])[H])C2([H])C1=O,True
86,0,1,86:0:1,-3.13465,[H]OC1([H])OC2([H])C(=O)C2(O[H])C2(C([H])([H])[H])OC2([H])C2([H])OC3(C([H])(O[H])C([H])([H])[H])C(C([H])([H])O[H])(C([H])(O[H])C4(O[H])S(=O)C([H])(C56OC7(C([H])([H])[H])C([H])([H])OC7(O[H])C([H])([H])C(O[H])(C([H])([H])[H])C5([H])C([H])([H])C([H])([H])C(C([H])([H])[H])(C6([H])[H])C4([H])O[H])C3(C([H])([H])[H])C([H])([H])[H])C2([H])C1=O,False
86,0,2,86:0:2,-2.94526,[H]OC1([H])OC2([H])C(=O)C2(O[H])C2(C([H])([H])[H])OC2([H])C2([H])OC3(C([H])(O[H])C([H])([H])[H])C(C([H])([H])O[H])(C([H])(O[H])C4(O[H])S(=O)C([H])(C56OC7(C([H])([H])[H])C([H])([H])OC7(O[H])C([H])([H])C(O[H])(C([H])([H])[H])C5([H])C([H])([H])C([H])([H])C(C([H])([H])[H])(C6([H])[H])C4([H])O[H])C3(C([H])([H])[H])C([H])([H])[H])C2([H])C1=O,False
86,3,0,86:3:0,-3.7057,[H]OC1([H])OC2([H])C(=O)C2(O[H])C2(C([H])([H])[H])OC2([H])C2([H])OC3(C([H])(O[H])C([H])([H])[H])C(C([H])([H])O[H])(C([H])(O[H])C4(O[H])S(=O)C([H])(C56OC7(C([H])([H])[H])C([H])([H])OC7(O[H])C([H])([H])C(O[H])(C([H])([H])[H])C5([H])C([H])([H])C([H])([H])C(C([H])([H])[H])(C6([H])[H])C4([H])O[H])C3(C([H])([H])[H])C([H])([H])[H])C2([H])C1=O,True
86,3,1,86:3:1,-3.6126,[H]OC1([H])OC2([H])C(=O)C2(O[H])C2(C([H])([H])[H])OC2([H])C2([H])OC3(C([H])(O[H])C([H])([H])[H])C(C([H])([H])O[H])(C([H])(O[H])C4(O[H])S(=O)C([H])(C56OC7(C([H])([H])[H])C([H])([H])OC7(O[H])C([H])([H])C(O[H])(C([H])([H])[H])C5([H])C([H])([H])C([H])([H])C(C([H])([H])[H])(C6([H])[H])C4([H])O[H])C3(C([H])([H])[H])C([H])([H])[H])C2([H])C1=O,False
86,3,2,86:3:2,-3.60857,[H]OC1([H])OC2([H])C(=O)C2(O[H])C2(C([H])([H])[H])OC2([H])C2([H])OC3(C([H])(O[H])C([H])([H])[H])C(C([H])([H])O[H])(C([H])(O[H])C4(O[H])S(=O)C([H])(C56OC7(C([H])([H])[H])C([H])([H])OC7(O[H])C([H])([H])C(O[H])(C([H])([H])[H])C5([H])C([H])([H])C([H])([H])C(C([H])([H])[H])(C6([H])[H])C4([H])O[H])C3(C([H])([H])[H])C([H])([H])[H])C2([H])C1=O,False
86,4,0,86:4:0,-3.34591,[H]OC1([H])OC2([H])C(=O)C2(O[H])C2(C([H])([H])[H])OC2([H])C2([H])OC3(C([H])(O[H])C([H])([H])[H])C(C([H])([H])O[H])(C([H])(O[H])C4(O[H])S(=O)C([H])(C56OC7(C([H])([H])[H])C([H])([H])OC7(O[H])C([H])([H])C(O[H])(C([H])([H])[H])C5([H])C([H])([H])C([H])([H])C(C([H])([H])[H])(C6([H])[H])C4([H])O[H])C3(C([H])([H])[H])C([H])([H])[H])C2([H])C1=O,True
86,4,1,86:4:1,-3.26229,[H]OC1([H])OC2([H])C(=O)C2(O[H])C2(C([H])([H])[H])OC2([H])C2([H])OC3(C([H])(O[H])C([H])([H])[H])C(C([H])([H])O[H])(C([H])(O[H])C4(O[H])S(=O)C([H])(C56OC7(C([H])([H])[H])C([H])([H])OC7(O[H])C([H])([H])C(O[H])(C([H])([H])[H])C5([H])C([H])([H])C([H])([H])C(C([H])([H])[H])(C6([H])[H])C4([H])O[H])C3(C([H])([H])[H])C([H])([H])[H])C2([H])C1=O,False
86,4,2,86:4:2,-2.85165,[H]OC1([H])OC2([H])C(=O)C2(O[H])C2(C([H])([H])[H])OC2([H])C2([H])OC3(C([H])(O[H])C([H])([H])[H])C(C([H])([H])O[H])(C([H])(O[H])C4(O[H])S(=O)C([H])(C56OC7(C([H])([H])[H])C([H])([H])OC7(O[H])C([H])([H])C(O[H])(C([H])([H])[H])C5([H])C([H])([H])C([H])([H])C(C([H])([H])[H])(C6([H])[H])C4([H])O[H])C3(C([H])([H])[H])C([H])([H])[H])C2([H])C1=O,False
86,5,0,86:5:0,-4.96488,[H]OC1([H])OC2([H])C(=O)C2(O[H])C2(C([H])([H])[H])OC2([H])C2([H])OC3(C([H])(O[H])C([H])([H])[H])C(C([H])([H])O[H])(C([H])(O[H])C4(O[H])S(=O)C([H])(C56OC7(C([H])([H])[H])C([H])([H])OC7(O[H])C([H])([H])C(O[H])(C([H])([H])[H])C5([H])C([H])([H])C([H])([H])C(C([H])([H])[H])(C6([H])[H])C4([H])O[H])C3(C([H])([H])[H])C([H])([H])[H])C2([H])C1=O,True
86,5,1,86:5:1,-4.46647,[H]OC1([H])OC2([H])C(=O)C2(O[H])C2(C([H])([H])[H])OC2([H])C2([H])OC3(C([H])(O[H])C([H])([H])[H])C(C([H])([H])O[H])(C([H])(O[H])C4(O[H])S(=O)C([H])(C56OC7(C([H])([H])[H])C([H])([H])OC7(O[H])C([H])([H])C(O[H])(C([H])([H])[H])C5([H])C([H])([H])C([H])([H])C(C([H])([H])[H])(C6([H])[H])C4([H])O[H])C3(C([H])([H])[H])C([H])([H])[H])C2([H])C1=O,False
86,5,2,86:5:2,-3.61579,[H]OC1([H])OC2([H])C(=O)C2(O[H])C2(C([H])([H])[H])OC2([H])C2([H])OC3(C([H])(O[H])C([H])([H])[H])C(C([H])([H])O[H])(C([H])(O[H])C4(O[H])S(=O)C([H])(C56OC7(C([H])([H])[H])C([H])([H])OC7(O[H])C([H])([H])C(O[H])(C([H])([H])[H])C5([H])C([H])([H])C([H])([H])C(C([H])([H])[H])(C6([H])[H])C4([H])O[H])C3(C([H])([H])[H])C([H])([H])[H])C2([H])C1=O,False
86,7,0,86:7:0,-4.24663,[H]OC1([H])OC2([H])C(=O)C2(O[H])C2(C([H])([H])[H])OC2([H])C2([H])OC3(C([H])(O[H])C([H])([H])[H])C(C([H])([H])O[H])(C([H])(O[H])C4(O[H])S(=O)C([H])(C56OC7(C([H])([H])[H])C([H])([H])OC7(O[H])C([H])([H])C(O[H])(C([H])([H])[H])C5([H])C([H])([H])C([H])([H])C(C([H])([H])[H])(C6([H])[H])C4([H])O[H])C3(C([H])([H])[H])C([H])([H])[H])C2([H])C1=O,True
86,7,1,86:7:1,-4.09912,[H]OC1([H])OC2([H])C(=O)C2(O[H])C2(C([H])([H])[H])OC2([H])C2([H])OC3(C([H])(O[H])C([H])([H])[H])C(C([H])([H])O[H])(C([H])(O[H])C4(O[H])S(=O)C([H])(C56OC7(C([H])([H])[H])C([H])([H])OC7(O[H])C([H])([H])C(O[H])(C([H])([H])[H])C5([H])C([H])([H])C([H])([H])C(C([H])([H])[H])(C6([H])[H])C4([H])O[H])C3(C([H])([H])[H])C([H])([H])[H])C2([H])C1=O,False
86,7,2,86:7:2,-3.76727,[H]OC1([H])OC2([H])C(=O)C2(O[H])C2(C([H])([H])[H])OC2([H])C2([H])OC3(C([H])(O[H])C([H])([H])[H])C(C([H])([H])O[H])(C([H])(O[H])C4(O[H])S(=O)C([H])(C56OC7(C([H])([H])[H])C([H])([H])OC7(O[H])C([H])([H])C(O[H])(C([H])([H])[H])C5([H])C([H])([H])C([H])([H])C(C([H])([H])[H])(C6([H])[H])C4([H])O[H])C3(C([H])([H])[H])C([H])([H])[H])C2([H])C1=O,False
87,1,0,87:1:0,-1.95409,[H]OC1([H])C23C4=C5C6=C(C([H])([H])[H])C6(C([H])=C([H])[H])C(=O)C([H])([H])C5(O[H])C1(C([H])([H])[H])C(O[H])(C(=C([H])[H])C([H])([H])[H])C([H])(OC(=O)C([H])([H])[H])C2(O[H])C([H])(OC(=O)C([H])=C([H])c1c([H])nc([H])c(Br)c1[H])C(C(=O)C([H])([H])[H])(C([H])([H])[H])C([H])([H])C3([H])S(=O)C([H])([H])C4([H])[H],True
88,0,0,88:0:0,-2.75132,[H]OC1([H])C([H])([H])C([H])([H])C(C([H])([H])[H])(C([H])([H])[H])C2([H])C3([H])OC([H])(O3)C3(C([H])([H])[H])S(=O)C([H])(C4([H])C([H])([H])C5([H])C(O[H])(C([H])([H])[H])C6(OC([H])([H])C([H])(C([H])([H])[H])C([H])([H])C6([H])[H])OC4([H])C152)C1(C([H])([H])[H])C(C([H])([H])[H])(C([H])([H])[H])OC2(C(=C([H])[H])C([H])([H])[H])OC([H])(OC([H])([H])C([H])([H])[H])C21C1(C([H])([H])[H])C([H])([H])C2(O[H])OC(C([H])(C([H])([H])[H])C([H])([H])[H])(C1([H])[H])C23O[H],True
88,0,1,88:0:1,-1.91161,[H]OC1([H])C([H])([H])C([H])([H])C(C([H])([H])[H])(C([H])([H])[H])C2([H])C3([H])OC([H])(O3)C3(C([H])([H])[H])S(=O)C([H])(C4([H])C([H])([H])C5([H])C(O[H])(C([H])([H])[H])C6(OC([H])([H])C([H])(C([H])([H])[H])C([H])([H])C6([H])[H])OC4([H])C152)C1(C([H])([H])[H])C(C([H])([H])[H])(C([H])([H])[H])OC2(C(=C([H])[H])C([H])([H])[H])OC([H])(OC([H])([H])C([H])([H])[H])C21C1(C([H])([H])[H])C([H])([H])C2(O[H])OC(C([H])(C([H])([H])[H])C([H])([H])[H])(C1([H])[H])C23O[H],False
90,0,0,90:0:0,-2.61808,[H]OC12C([H])=C([H])C3([H])C1([H])C([H])(OC(=O)C([H])([H])[H])C1(C([H])([H])[H])C([H])(OC14C([H])([H])C([H])(C(O[H])(C([H])([H])[H])C([H])([H])[H])OC4(C([H])([H])[H])S(=O)C2([H])C([H])([H])[H])C3(O[H])C([H])([H])[H],True
90,0,1,90:0:1,-2.61312,[H]OC12C([H])=C([H])C3([H])C1([H])C([H])(OC(=O)C([H])([H])[H])C1(C([H])([H])[H])C([H])(OC14C([H])([H])C([H])(C(O[H])(C([H])([H])[H])C([H])([H])[H])OC4(C([H])([H])[H])S(=O)C2([H])C([H])([H])[H])C3(O[H])C([H])([H])[H],False
90,0,2,90:0:2,-2.5458,[H]OC12C([H])=C([H])C3([H])C1([H])C([H])(OC(=O)C([H])([H])[H])C1(C([H])([H])[H])C([H])(OC14C([H])([H])C([H])(C(O[H])(C([H])([H])[H])C([H])([H])[H])OC4(C([H])([H])[H])S(=O)C2([H])C([H])([H])[H])C3(O[H])C([H])([H])[H],False
92,0,0,92:0:0,-3.25913,[H]OC1([H])C2(O[H])C3(O[H])C([H])([H])C(C([H])([H])[H])(C([H])([H])[H])OC(C([H])([H])[H])(C([H])([H])[H])C3([H])C([H])([H])C3([H])S(=O)C(O[H])(C([H])([H])[H])C4(C([H])([H])[H])C1(O[H])C2(O[H])C([H])(OC(=O)c1sc([H])nc1C([H])([H])[H])C1(O[H])C([H])(OC(=O)C([H])([H])[H])C(O[H])(C(=C([H])[H])C([H])([H])[H])C(C([H])([H])[H])(C([H])([H])[H])C314,True
92,0,1,92:0:1,-3.21325,[H]OC1([H])C2(O[H])C3(O[H])C([H])([H])C(C([H])([H])[H])(C([H])([H])[H])OC(C([H])([H])[H])(C([H])([H])[H])C3([H])C([H])([H])C3([H])S(=O)C(O[H])(C([H])([H])[H])C4(C([H])([H])[H])C1(O[H])C2(O[H])C([H])(OC(=O)c1sc([H])nc1C([H])([H])[H])C1(O[H])C([H])(OC(=O)C([H])([H])[H])C(O[H])(C(=C([H])[H])C([H])([H])[H])C(C([H])([H])[H])(C([H])([H])[H])C314,False
92,0,2,92:0:2,-3.19138,[H]OC1([H])C2(O[H])C3(O[H])C([H])([H])C(C([H])([H])[H])(C([H])([H])[H])OC(C([H])([H])[H])(C([H])([H])[H])C3([H])C([H])([H])C3([H])S(=O)C(O[H])(C([H])([H])[H])C4(C([H])([H])[H])C1(O[H])C2(O[H])C([H])(OC(=O)c1sc([H])nc1C([H])([H])[H])C1(O[H])C([H])(OC(=O)C([H])([H])[H])C(O[H])(C(=C([H])[H])C([H])([H])[H])C(C([H])([H])[H])(C([H])([H])[H])C314,False
97,0,0,97:0:0,-3.44164,[H]OC([H])([H])C12OC(=O)C(C([H])([H])[H])=C([H])C([H])(C3(O[H])C([H])(O[H])C(O[H])(C([H])([H])[H])OC4([H])OC5([H])C([H])([H])OC(C([H])([H])[H])(C([H])([H])[H])C6(C5([H])OC(=O)C([H])([H])[H])C5([H])OC57C([H])([H])C([H])(OC(=O)C([H])([H])[H])C5(O[H])C(=C(C([H])([H])[H])C([H])([H])[H])C([H])([H])C([H])(O[H])C6(C([H])([H])[H])C5([H])S(=O)C([H])(C([H])(O[H])C7(O[H])O[H])C43O1)C2(C([H])([H])[H])C([H])([H])[H],True
97,0,1,97:0:1,-3.07911,[H]OC([H])([H])C12OC(=O)C(C([H])([H])[H])=C([H])C([H])(C3(O[H])C([H])(O[H])C(O[H])(C([H])([H])[H])OC4([H])OC5([H])C([H])([H])OC(C([H])([H])[H])(C([H])([H])[H])C6(C5([H])OC(=O)C([H])([H])[H])C5([H])OC57C([H])([H])C([H])(OC(=O)C([H])([H])[H])C5(O[H])C(=C(C([H])([H])[H])C([H])([H])[H])C([H])([H])C([H])(O[H])C6(C([H])([H])[H])C5([H])S(=O)C([H])(C([H])(O[H])C7(O[H])O[H])C43O1)C2(C([H])([H])[H])C([H])([H])[H],False
97,0,2,97:0:2,-2.30729,[H]OC([H])([H])C12OC(=O)C(C([H])([H])[H])=C([H])C([H])(C3(O[H])C([H])(O[H])C(O[H])(C([H])([H])[H])OC4([H])OC5([H])C([H])([H])OC(C([H])([H])[H])(C([H])([H])[H])C6(C5([H])OC(=O)C([H])([H])[H])C5([H])OC57C([H])([H])C([H])(OC(=O)C([H])([H])[H])C5(O[H])C(=C(C([H])([H])[H])C([H])([H])[H])C([H])([H])C([H])(O[H])C6(C([H])([H])[H])C5([H])S(=O)C([H])(C([H])(O[H])C7(O[H])O[H])C43O1)C2(C([H])([H])[H])C([H])([H])[H],False
97,4,0,97:4:0,-3.17808,[H]OC([H])([H])C12OC(=O)C(C([H])([H])[H])=C([H])C([H])(C3(O[H])C([H])(O[H])C(O[H])(C([H])([H])[H])OC4([H])OC5([H])C([H])([H])OC(C([H])([H])[H])(C([H])([H])[H])C6(C5([H])OC(=O)C([H])([H])[H])C5([H])OC57C([H])([H])C([H])(OC(=O)C([H])([H])[H])C5(O[H])C(=C(C([H])([H])[H])C([H])([H])[H])C([H])([H])C([H])(O[H])C6(C([H])([H])[H])C5([H])S(=O)C([H])(C([H])(O[H])C7(O[H])O[H])C43O1)C2(C([H])([H])[H])C([H])([H])[H],True
98,0,0,98:0:0,-3.27684,[H]OC1([H])C([H])(OC(=O)C([H])([H])C([H])([H])[H])C2(C([H])([H])[H])C([H])(O[H])C3(O[H])C([H])(O[H])C4([H])C(C([H])([H])[H])(C([H])([H])[H])C(=O)C5(C([H])([H])[H])S(=O)C([H])(C54C([H])([H])[H])C3(C1(O[H])C([H])([H])[H])C1(O[H])C([H])([H])OC2(O[H])C1([H])O[H],True
98,0,1,98:0:1,-2.51468,[H]OC1([H])C([H])(OC(=O)C([H])([H])C([H])([H])[H])C2(C([H])([H])[H])C([H])(O[H])C3(O[H])C([H])(O[H])C4([H])C(C([H])([H])[H])(C([H])([H])[H])C(=O)C5(C([H])([H])[H])S(=O)C([H])(C54C([H])([H])[H])C3(C1(O[H])C([H])([H])[H])C1(O[H])C([H])([H])OC2(O[H])C1([H])O[H],False
98,0,2,98:0:2,-2.37486,[H]OC1([H])C([H])(OC(=O)C([H])([H])C([H])([H])[H])C2(C([H])([H])[H])C([H])(O[H])C3(O[H])C([H])(O[H])C4([H])C(C([H])([H])[H])(C([H])([H])[H])C(=O)C5(C([H])([H])[H])S(=O)C([H])(C54C([H])([H])[H])C3(C1(O[H])C([H])([H])[H])C1(O[H])C([H])([H])OC2(O[H])C1([H])O[H],False
99,0,0,99:0:0,-3.83026,[H]OC([H])([H])C1([H])OC(=O)C2([H])C([H])(O[H])C34C5([H])OC6(C([H])(O[H])C([H])([H])[H])OC([H])(C([H])(S(=O)C([H])(C([H])([H])[H])O5)C12[H])C(C([H])([H])[H])(C([H])([H])[H])C1([H])C([H])([H])C([H])=C6C2(O[H])C(O[H])(C(=O)C([H])([H])[H])C([H])(O[H])C([H])(O[H])C2(C([H])([H])[H])C([H])(O[H])C([H])([H])C1([H])C3(O[H])C([H])([H])C(O[H])(C([H])([H])[H])OC4([H])O[H],True
99,0,1,99:0:1,-3.73969,[H]OC([H])([H])C1([H])OC(=O)C2([H])C([H])(O[H])C34C5([H])OC6(C([H])(O[H])C([H])([H])[H])OC([H])(C([H])(S(=O)C([H])(C([H])([H])[H])O5)C12[H])C(C([H])([H])[H])(C([H])([H])[H])C1([H])C([H])([H])C([H])=C6C2(O[H])C(O[H])(C(=O)C([H])([H])[H])C([H])(O[H])C([H])(O[H])C2(C([H])([H])[H])C([H])(O[H])C([H])([H])C1([H])C3(O[H])C([H])([H])C(O[H])(C([H])([H])[H])OC4([H])O[H],False
99,0,2,99:0:2,-2.88796,[H]OC([H])([H])C1([H])OC(=O)C2([H])C([H])(O[H])C34C5([H])OC6(C([H])(O[H])C([H])([H])[H])OC([H])(C([H])(S(=O)C([H])(C([H])([H])[H])O5)C12[H])C(C([H])([H])[H])(C([H])([H])[H])C1([H])C([H])([H])C([H])=C6C2(O[H])C(O[H])(C(=O)C([H])([H])[H])C([H])(O[H])C([H])(O[H])C2(C([H])([H])[H])C([H])(O[H])C([H])([H])C1([H])C3(O[H])C([H])([H])C(O[H])(C([H])([H])[H])OC4([H])O[H],False
99,1,0,99:1:0,-4.08544,[H]OC([H])([H])C1([H])OC(=O)C2([H])C([H])(O[H])C34C5([H])OC6(C([H])(O[H])C([H])([H])[H])OC([H])(C([H])(S(=O)C([H])(C([H])([H])[H])O5)C12[H])C(C([H])([H])[H])(C([H])([H])[H])C1([H])C([H])([H])C([H])=C6C2(O[H])C(O[H])(C(=O)C([H])([H])[H])C([H])(O[H])C([H])(O[H])C2(C([H])([H])[H])C([H])(O[H])C([H])([H])C1([H])C3(O[H])C([H])([H])C(O[H])(C([H])([H])[H])OC4([H])O[H],True
99,1,1,99:1:1,-3.69591,[H]OC([H])([H])C1([H])OC(=O)C2([H])C([H])(O[H])C34C5([H])OC6(C([H])(O[H])C([H])([H])[H])OC([H])(C([H])(S(=O)C([H])(C([H])([H])[H])O5)C12[H])C(C([H])([H])[H])(C([H])([H])[H])C1([H])C([H])([H])C([H])=C6C2(O[H])C(O[H])(C(=O)C([H])([H])[H])C([H])(O[H])C([H])(O[H])C2(C([H])([H])[H])C([H])(O[H])C([H])([H])C1([H])C3(O[H])C([H])([H])C(O[H])(C([H])([H])[H])OC4([H])O[H],False
99,1,2,99:1:2,-0.957471,[H]OC([H])([H])C1([H])OC(=O)C2([H])C([H])(O[H])C34C5([H])OC6(C([H])(O[H])C([H])([H])[H])OC([H])(C([H])(S(=O)C([H])(C([H])([H])[H])O5)C12[H])C(C([H])([H])[H])(C([H])([H])[H])C1([H])C([H])([H])C([H])=C6C2(O[H])C(O[H])(C(=O)C([H])([H])[H])C([H])(O[H])C([H])(O[H])C2(C([H])([H])[H])C([H])(O[H])C([H])([H])C1([H])C3(O[H])C([H])([H])C(O[H])(C([H])([H])[H])OC4([H])O[H],False
102,0,0,102:0:0,-3.43164,[H]OC12OC13OC1(O[H])C([H])(OC([H])([H])[H])C(OC([H])([H])[H])(OC14C([H])([H])S(=O)C4([H])C1(O[H])C([H])(C([H])([H])C([H])=C([H])[H])C([H])(O[H])C4(OC([H])([H])[H])C([H])([H])C3(O[H])C([H])(O[H])C41[H])C([H])=C2[H],True
102,0,1,102:0:1,-3.40083,[H]OC12OC13OC1(O[H])C([H])(OC([H])([H])[H])C(OC([H])([H])[H])(OC14C([H])([H])S(=O)C4([H])C1(O[H])C([H])(C([H])([H])C([H])=C([H])[H])C([H])(O[H])C4(OC([H])([H])[H])C([H])([H])C3(O[H])C([H])(O[H])C41[H])C([H])=C2[H],False
102,0,2,102:0:2,-3.22299,[H]OC12OC13OC1(O[H])C([H])(OC([H])([H])[H])C(OC([H])([H])[H])(OC14C([H])([H])S(=O)C4([H])C1(O[H])C([H])(C([H])([H])C([H])=C([H])[H])C([H])(O[H])C4(OC([H])([H])[H])C([H])([H])C3(O[H])C([H])(O[H])C41[H])C([H])=C2[H],False
102,1,0,102:1:0,-2.18835,[H]OC12OC13OC1(O[H])C([H])(OC([H])([H])[H])C(OC([H])([H])[H])(OC14C([H])([H])S(=O)C4([H])C1(O[H])C([H])(C([H])([H])C([H])=C([H])[H])C([H])(O[H])C4(OC([H])([H])[H])C([H])([H])C3(O[H])C([H])(O[H])C41[H])C([H])=C2[H],True
102,1,1,102:1:1,-1.73732,[H]OC12OC13OC1(O[H])C([H])(OC([H])([H])[H])C(OC([H])([H])[H])(OC14C([H])([H])S(=O)C4([H])C1(O[H])C([H])(C([H])([H])C([H])=C([H])[H])C([H])(O[H])C4(OC([H])([H])[H])C([H])([H])C3(O[H])C([H])(O[H])C41[H])C([H])=C2[H],False
102,1,2,102:1:2,-1.15278,[H]OC12OC13OC1(O[H])C([H])(OC([H])([H])[H])C(OC([H])([H])[H])(OC14C([H])([H])S(=O)C4([H])C1(O[H])C([H])(C([H])([H])C([H])=C([H])[H])C([H])(O[H])C4(OC([H])([H])[H])C([H])([H])C3(O[H])C([H])(O[H])C41[H])C([H])=C2[H],False
103,0,0,103:0:0,-2.21582,[H]OC1([H])C([H])([H])C23C([H])([H])OC45C([H])(OC([H])([H])[H])C([H])([H])C6(C([H])([H])[H])C([H])(C([H])([H])C([H])([H])C6([H])C4([H])C2([H])C1([H])C(O[H])(C([H])([H])[H])C([H])([H])[H])C1([H])C2([H])C([H])([H])C(C([H])=C([H])[H])(C([H])([H])[H])OC2(C([H])([H])[H])C([H])(O[H])C1([H])C(C([H])([H])[H])(C([H])([H])[H])C5([H])S(=O)C3([H])[H],True
103,0,1,103:0:1,-1.63045,[H]OC1([H])C([H])([H])C23C([H])([H])OC45C([H])(OC([H])([H])[H])C([H])([H])C6(C([H])([H])[H])C([H])(C([H])([H])C([H])([H])C6([H])C4([H])C2([H])C1([H])C(O[H])(C([H])([H])[H])C([H])([H])[H])C1([H])C2([H])C([H])([H])C(C([H])=C([H])[H])(C([H])([H])[H])OC2(C([H])([H])[H])C([H])(O[H])C1([H])C(C([H])([H])[H])(C([H])([H])[H])C5([H])S(=O)C3([H])[H],False
103,0,2,103:0:2,-1.4486,[H]OC1([H])C([H])([H])C23C([H])([H])OC45C([H])(OC([H])([H])[H])C([H])([H])C6(C([H])([H])[H])C([H])(C([H])([H])C([H])([H])C6([H])C4([H])C2([H])C1([H])C(O[H])(C([H])([H])[H])C([H])([H])[H])C1([H])C2([H])C([H])([H])C(C([H])=C([H])[H])(C([H])([H])[H])OC2(C([H])([H])[H])C([H])(O[H])C1([H])C(C([H])([H])[H])(C([H])([H])[H])C5([H])S(=O)C3([H])[H],False
